Restaurant_Link,Restaurant_ID,Name,Ratings,Cuisine,Dish_Category,Dish_Name,Dish_Price,Location
https://www.grubhub.com/restaurant/veselka-144-2nd-ave-new-york-city/312813,312813,Veselka,4322 ratings,Breakfast,Varenyky/Pierogi,Classic Pierogi 4*,$10.00+,veselka-144-2nd-ave-new-york-city
https://www.grubhub.com/restaurant/veselka-144-2nd-ave-new-york-city/312813,312813,Veselka,4322 ratings,Breakfast,Varenyky/Pierogi,Best Seller,$18.00+,veselka-144-2nd-ave-new-york-city
https://www.grubhub.com/restaurant/veselka-144-2nd-ave-new-york-city/312813,312813,Veselka,4322 ratings,Breakfast,Varenyky/Pierogi,Best Seller,$21.00+,veselka-144-2nd-ave-new-york-city
https://www.grubhub.com/restaurant/veselka-144-2nd-ave-new-york-city/312813,312813,Veselka,4322 ratings,Breakfast,Varenyky/Pierogi,Best Seller,$11.00+,veselka-144-2nd-ave-new-york-city
https://www.grubhub.com/restaurant/veselka-144-2nd-ave-new-york-city/312813,312813,Veselka,4322 ratings,Breakfast,Varenyky/Pierogi,WCK Bowl,$21.00,veselka-144-2nd-ave-new-york-city
https://www.grubhub.com/restaurant/veselka-144-2nd-ave-new-york-city/312813,312813,Veselka,4322 ratings,Breakfast,Soups,Ukrainian Borscht - Pint,$10.00,veselka-144-2nd-ave-new-york-city
https://www.grubhub.com/restaurant/veselka-144-2nd-ave-new-york-city/312813,312813,Veselka,4322 ratings,Breakfast,Soups,Ukrainian Borscht - Quart,$16.00,veselka-144-2nd-ave-new-york-city
https://www.grubhub.com/restaurant/veselka-144-2nd-ave-new-york-city/312813,312813,Veselka,4322 ratings,Breakfast,Soups,Chicken Noodle Soup - Pint,$10.00,veselka-144-2nd-ave-new-york-city
https://www.grubhub.com/restaurant/veselka-144-2nd-ave-new-york-city/312813,312813,Veselka,4322 ratings,Breakfast,Soups,Chicken Noodle - Quart,$15.00,veselka-144-2nd-ave-new-york-city
https://www.grubhub.com/restaurant/veselka-144-2nd-ave-new-york-city/312813,312813,Veselka,4322 ratings,Breakfast,Soups,Matzoh Ball - Pint,$10.00,veselka-144-2nd-ave-new-york-city
https://www.grubhub.com/restaurant/veselka-144-2nd-ave-new-york-city/312813,312813,Veselka,4322 ratings,Breakfast,Soups,Matzoh Ball - Quart,$15.00,veselka-144-2nd-ave-new-york-city
https://www.grubhub.com/restaurant/veselka-144-2nd-ave-new-york-city/312813,312813,Veselka,4322 ratings,Breakfast,Soups,Vegetable Soup - Pint,$10.00,veselka-144-2nd-ave-new-york-city
https://www.grubhub.com/restaurant/veselka-144-2nd-ave-new-york-city/312813,312813,Veselka,4322 ratings,Breakfast,Soups,Vegetable Soup - Quart,$16.00,veselka-144-2nd-ave-new-york-city
https://www.grubhub.com/restaurant/veselka-144-2nd-ave-new-york-city/312813,312813,Veselka,4322 ratings,Breakfast,Soups,Extra Matzoh Ball,$3.00,veselka-144-2nd-ave-new-york-city
https://www.grubhub.com/restaurant/veselka-144-2nd-ave-new-york-city/312813,312813,Veselka,4322 ratings,Breakfast,Soups,Vegetarian Borscht - Pint,$10.00,veselka-144-2nd-ave-new-york-city
https://www.grubhub.com/restaurant/veselka-144-2nd-ave-new-york-city/312813,312813,Veselka,4322 ratings,Breakfast,Soups,Lentil Soup - Pint,$10.00,veselka-144-2nd-ave-new-york-city
https://www.grubhub.com/restaurant/veselka-144-2nd-ave-new-york-city/312813,312813,Veselka,4322 ratings,Breakfast,Soups,Lentil Soup - Quart,$16.00,veselka-144-2nd-ave-new-york-city
https://www.grubhub.com/restaurant/veselka-144-2nd-ave-new-york-city/312813,312813,Veselka,4322 ratings,Breakfast,Soups,Mushroom Barley - Quart,$16.00,veselka-144-2nd-ave-new-york-city
https://www.grubhub.com/restaurant/veselka-144-2nd-ave-new-york-city/312813,312813,Veselka,4322 ratings,Breakfast,Soups,Mushroom Barley - Pint,$10.00,veselka-144-2nd-ave-new-york-city
https://www.grubhub.com/restaurant/veselka-144-2nd-ave-new-york-city/312813,312813,Veselka,4322 ratings,Breakfast,Soups,Tomato Soup - Pint,$10.00,veselka-144-2nd-ave-new-york-city
https://www.grubhub.com/restaurant/veselka-144-2nd-ave-new-york-city/312813,312813,Veselka,4322 ratings,Breakfast,Soups,Tomato Soup - Quart,$16.00,veselka-144-2nd-ave-new-york-city
https://www.grubhub.com/restaurant/veselka-144-2nd-ave-new-york-city/312813,312813,Veselka,4322 ratings,Breakfast,Veselka Classics,Beef Stroganoff,$28.00,veselka-144-2nd-ave-new-york-city
https://www.grubhub.com/restaurant/veselka-144-2nd-ave-new-york-city/312813,312813,Veselka,4322 ratings,Breakfast,Veselka Classics,Stuffed Cabbage,$24.00,veselka-144-2nd-ave-new-york-city
https://www.grubhub.com/restaurant/veselka-144-2nd-ave-new-york-city/312813,312813,Veselka,4322 ratings,Breakfast,Veselka Classics,Ola's Famous Veal Goulash,$29.00,veselka-144-2nd-ave-new-york-city
https://www.grubhub.com/restaurant/veselka-144-2nd-ave-new-york-city/312813,312813,Veselka,4322 ratings,Breakfast,Veselka Classics,Mixed Ukrainian Grill,$27.00,veselka-144-2nd-ave-new-york-city
https://www.grubhub.com/restaurant/veselka-144-2nd-ave-new-york-city/312813,312813,Veselka,4322 ratings,Breakfast,Veselka Classics,Bigos,$25.00,veselka-144-2nd-ave-new-york-city
https://www.grubhub.com/restaurant/veselka-144-2nd-ave-new-york-city/312813,312813,Veselka,4322 ratings,Breakfast,Veselka Classics,Chicken Paprikash,$26.00,veselka-144-2nd-ave-new-york-city
https://www.grubhub.com/restaurant/veselka-144-2nd-ave-new-york-city/312813,312813,Veselka,4322 ratings,Breakfast,Veselka Classics,Chicken Schnitzel Dinner,$24.00,veselka-144-2nd-ave-new-york-city
https://www.grubhub.com/restaurant/veselka-144-2nd-ave-new-york-city/312813,312813,Veselka,4322 ratings,Breakfast,Veselka Classics,Marinated Chicken Dinner,$24.00,veselka-144-2nd-ave-new-york-city
https://www.grubhub.com/restaurant/veselka-144-2nd-ave-new-york-city/312813,312813,Veselka,4322 ratings,Breakfast,Veselka Classics,Meatball Dinner,$25.00,veselka-144-2nd-ave-new-york-city
https://www.grubhub.com/restaurant/veselka-144-2nd-ave-new-york-city/312813,312813,Veselka,4322 ratings,Breakfast,Veselka Combos,Meat Plate Combo,$26.00,veselka-144-2nd-ave-new-york-city
https://www.grubhub.com/restaurant/veselka-144-2nd-ave-new-york-city/312813,312813,Veselka,4322 ratings,Breakfast,Veselka Combos,Deluxe Meat Combo,$29.00,veselka-144-2nd-ave-new-york-city
https://www.grubhub.com/restaurant/veselka-144-2nd-ave-new-york-city/312813,312813,Veselka,4322 ratings,Breakfast,Veselka Combos,Vegetarian Combo Plate,$24.00,veselka-144-2nd-ave-new-york-city
https://www.grubhub.com/restaurant/veselka-144-2nd-ave-new-york-city/312813,312813,Veselka,4322 ratings,Breakfast,Veselka Combos,Deluxe Vegetarian Combo,$25.00,veselka-144-2nd-ave-new-york-city
https://www.grubhub.com/restaurant/veselka-144-2nd-ave-new-york-city/312813,312813,Veselka,4322 ratings,Breakfast,Potato Pancakes,Single Potato Pancake,$7.00,veselka-144-2nd-ave-new-york-city
https://www.grubhub.com/restaurant/veselka-144-2nd-ave-new-york-city/312813,312813,Veselka,4322 ratings,Breakfast,Potato Pancakes,Potato Pancake Plate,$18.00,veselka-144-2nd-ave-new-york-city
https://www.grubhub.com/restaurant/veselka-144-2nd-ave-new-york-city/312813,312813,Veselka,4322 ratings,Breakfast,Potato Pancakes,Potato Pancake Combo Plate,$20.00,veselka-144-2nd-ave-new-york-city
https://www.grubhub.com/restaurant/veselka-144-2nd-ave-new-york-city/312813,312813,Veselka,4322 ratings,Breakfast,Blintzes,Blintz Single,$10.00,veselka-144-2nd-ave-new-york-city
https://www.grubhub.com/restaurant/veselka-144-2nd-ave-new-york-city/312813,312813,Veselka,4322 ratings,Breakfast,Blintzes,Blintz Plate,$18.00,veselka-144-2nd-ave-new-york-city
https://www.grubhub.com/restaurant/veselka-144-2nd-ave-new-york-city/312813,312813,Veselka,4322 ratings,Breakfast,Blintzes,Fruit Salad w/Blintz,$15.00,veselka-144-2nd-ave-new-york-city
https://www.grubhub.com/restaurant/veselka-144-2nd-ave-new-york-city/312813,312813,Veselka,4322 ratings,Breakfast,Sandwiches,Veselka's Reuben,$20.00,veselka-144-2nd-ave-new-york-city
https://www.grubhub.com/restaurant/veselka-144-2nd-ave-new-york-city/312813,312813,Veselka,4322 ratings,Breakfast,Sandwiches,Madame Alexander,$18.00,veselka-144-2nd-ave-new-york-city
https://www.grubhub.com/restaurant/veselka-144-2nd-ave-new-york-city/312813,312813,Veselka,4322 ratings,Breakfast,Sandwiches,Schnitzel Sandwich,$19.00,veselka-144-2nd-ave-new-york-city
https://www.grubhub.com/restaurant/veselka-144-2nd-ave-new-york-city/312813,312813,Veselka,4322 ratings,Breakfast,Sandwiches,Grilled Cheese Sandwich,$14.00+,veselka-144-2nd-ave-new-york-city
https://www.grubhub.com/restaurant/veselka-144-2nd-ave-new-york-city/312813,312813,Veselka,4322 ratings,Breakfast,Sandwiches,Tuna Melt,$19.00+,veselka-144-2nd-ave-new-york-city
https://www.grubhub.com/restaurant/veselka-144-2nd-ave-new-york-city/312813,312813,Veselka,4322 ratings,Breakfast,Sandwiches,Tuna Salad Sandwich,$17.00+,veselka-144-2nd-ave-new-york-city
https://www.grubhub.com/restaurant/veselka-144-2nd-ave-new-york-city/312813,312813,Veselka,4322 ratings,Breakfast,Burgers,Burger,$18.00,veselka-144-2nd-ave-new-york-city
https://www.grubhub.com/restaurant/veselka-144-2nd-ave-new-york-city/312813,312813,Veselka,4322 ratings,Breakfast,Burgers,Veggie Burger,$16.00,veselka-144-2nd-ave-new-york-city
https://www.grubhub.com/restaurant/veselka-144-2nd-ave-new-york-city/312813,312813,Veselka,4322 ratings,Breakfast,Burgers,Salmon Burger,$21.00,veselka-144-2nd-ave-new-york-city
https://www.grubhub.com/restaurant/veselka-144-2nd-ave-new-york-city/312813,312813,Veselka,4322 ratings,Breakfast,Salads,Salad - Chicken Cobb,$24.00,veselka-144-2nd-ave-new-york-city
https://www.grubhub.com/restaurant/veselka-144-2nd-ave-new-york-city/312813,312813,Veselka,4322 ratings,Breakfast,Salads,East Village Spinach Salad,$21.00,veselka-144-2nd-ave-new-york-city
https://www.grubhub.com/restaurant/veselka-144-2nd-ave-new-york-city/312813,312813,Veselka,4322 ratings,Breakfast,Salads,Salad - Beet & Goat Cheese,$20.00,veselka-144-2nd-ave-new-york-city
https://www.grubhub.com/restaurant/veselka-144-2nd-ave-new-york-city/312813,312813,Veselka,4322 ratings,Breakfast,Salads,Salad - Lentil Salad,$20.00,veselka-144-2nd-ave-new-york-city
https://www.grubhub.com/restaurant/veselka-144-2nd-ave-new-york-city/312813,312813,Veselka,4322 ratings,Breakfast,Salads,Salad - Tuna Salad & Greens,$19.00,veselka-144-2nd-ave-new-york-city
https://www.grubhub.com/restaurant/veselka-144-2nd-ave-new-york-city/312813,312813,Veselka,4322 ratings,Breakfast,Salads,Salad - Chicken Salad & Greens,$19.00,veselka-144-2nd-ave-new-york-city
https://www.grubhub.com/restaurant/veselka-144-2nd-ave-new-york-city/312813,312813,Veselka,4322 ratings,Breakfast,Sides,Beet/Horseradish Salad,$7.00,veselka-144-2nd-ave-new-york-city
https://www.grubhub.com/restaurant/veselka-144-2nd-ave-new-york-city/312813,312813,Veselka,4322 ratings,Breakfast,Sides,Steamed Broccoli/Cauliflower,$7.00,veselka-144-2nd-ave-new-york-city
https://www.grubhub.com/restaurant/veselka-144-2nd-ave-new-york-city/312813,312813,Veselka,4322 ratings,Breakfast,Sides,Coleslaw,$7.00,veselka-144-2nd-ave-new-york-city
https://www.grubhub.com/restaurant/veselka-144-2nd-ave-new-york-city/312813,312813,Veselka,4322 ratings,Breakfast,Sides,Egg Noodles,$7.00,veselka-144-2nd-ave-new-york-city
https://www.grubhub.com/restaurant/veselka-144-2nd-ave-new-york-city/312813,312813,Veselka,4322 ratings,Breakfast,Sides,French Fries,$7.00,veselka-144-2nd-ave-new-york-city
https://www.grubhub.com/restaurant/veselka-144-2nd-ave-new-york-city/312813,312813,Veselka,4322 ratings,Breakfast,Sides,Side Salad,$7.00,veselka-144-2nd-ave-new-york-city
https://www.grubhub.com/restaurant/veselka-144-2nd-ave-new-york-city/312813,312813,Veselka,4322 ratings,Breakfast,Sides,Kasha,$7.00,veselka-144-2nd-ave-new-york-city
https://www.grubhub.com/restaurant/veselka-144-2nd-ave-new-york-city/312813,312813,Veselka,4322 ratings,Breakfast,Sides,SD Mash Pot,$7.00,veselka-144-2nd-ave-new-york-city
https://www.grubhub.com/restaurant/veselka-144-2nd-ave-new-york-city/312813,312813,Veselka,4322 ratings,Breakfast,Sides,SD Potato Salad,$7.00,veselka-144-2nd-ave-new-york-city
https://www.grubhub.com/restaurant/veselka-144-2nd-ave-new-york-city/312813,312813,Veselka,4322 ratings,Breakfast,Sides,SD Pot Pancake,$7.00,veselka-144-2nd-ave-new-york-city
https://www.grubhub.com/restaurant/veselka-144-2nd-ave-new-york-city/312813,312813,Veselka,4322 ratings,Breakfast,Sides,Sauerkraut,$7.00,veselka-144-2nd-ave-new-york-city
https://www.grubhub.com/restaurant/veselka-144-2nd-ave-new-york-city/312813,312813,Veselka,4322 ratings,Breakfast,Sides,SD Halushky,$7.00,veselka-144-2nd-ave-new-york-city
https://www.grubhub.com/restaurant/veselka-144-2nd-ave-new-york-city/312813,312813,Veselka,4322 ratings,Breakfast,Breakfast Sandwich,Custom Egg Sandwich,$4.00+,veselka-144-2nd-ave-new-york-city
https://www.grubhub.com/restaurant/veselka-144-2nd-ave-new-york-city/312813,312813,Veselka,4322 ratings,Breakfast,Breakfast Sandwich,Classic Fried Egg Sandwich,$11.00+,veselka-144-2nd-ave-new-york-city
https://www.grubhub.com/restaurant/veselka-144-2nd-ave-new-york-city/312813,312813,Veselka,4322 ratings,Breakfast,Breakfast Sandwich,Veselka's Special Fried Egg Sandwich,$12.00+,veselka-144-2nd-ave-new-york-city
https://www.grubhub.com/restaurant/veselka-144-2nd-ave-new-york-city/312813,312813,Veselka,4322 ratings,Breakfast,Breakfast Sandwich,Fried Egg with the Works Sandwich,$13.00+,veselka-144-2nd-ave-new-york-city
https://www.grubhub.com/restaurant/veselka-144-2nd-ave-new-york-city/312813,312813,Veselka,4322 ratings,Breakfast,Breakfast Sandwich,Bagel w/Smoked Salmon,$18.00,veselka-144-2nd-ave-new-york-city
https://www.grubhub.com/restaurant/veselka-144-2nd-ave-new-york-city/312813,312813,Veselka,4322 ratings,Breakfast,Eggs/Omelettes,Western Omelette,$16.00+,veselka-144-2nd-ave-new-york-city
https://www.grubhub.com/restaurant/veselka-144-2nd-ave-new-york-city/312813,312813,Veselka,4322 ratings,Breakfast,Eggs/Omelettes,Mediteranean Omelette,$15.00,veselka-144-2nd-ave-new-york-city
https://www.grubhub.com/restaurant/veselka-144-2nd-ave-new-york-city/312813,312813,Veselka,4322 ratings,Breakfast,Eggs/Omelettes,Omelette,$13.00,veselka-144-2nd-ave-new-york-city
https://www.grubhub.com/restaurant/veselka-144-2nd-ave-new-york-city/312813,312813,Veselka,4322 ratings,Breakfast,Eggs/Omelettes,Two Eggs Any Style,$11.00+,veselka-144-2nd-ave-new-york-city
https://www.grubhub.com/restaurant/veselka-144-2nd-ave-new-york-city/312813,312813,Veselka,4322 ratings,Breakfast,Eggs/Omelettes,Dbl Corn Beef Hash W/ Eggs,$17.00+,veselka-144-2nd-ave-new-york-city
https://www.grubhub.com/restaurant/veselka-144-2nd-ave-new-york-city/312813,312813,Veselka,4322 ratings,Breakfast,Breakfast Sides,Side Bacon,$7.00,veselka-144-2nd-ave-new-york-city
https://www.grubhub.com/restaurant/veselka-144-2nd-ave-new-york-city/312813,312813,Veselka,4322 ratings,Breakfast,Breakfast Sides,Side Kielbasa,$7.00,veselka-144-2nd-ave-new-york-city
https://www.grubhub.com/restaurant/veselka-144-2nd-ave-new-york-city/312813,312813,Veselka,4322 ratings,Breakfast,Breakfast Sides,Side Corned Beef Hash,$14.00,veselka-144-2nd-ave-new-york-city
https://www.grubhub.com/restaurant/veselka-144-2nd-ave-new-york-city/312813,312813,Veselka,4322 ratings,Breakfast,Breakfast Sides,Side Pork Sausage,$7.00,veselka-144-2nd-ave-new-york-city
https://www.grubhub.com/restaurant/veselka-144-2nd-ave-new-york-city/312813,312813,Veselka,4322 ratings,Breakfast,Bakery and Desserts,Carrot Cake,$9.00,veselka-144-2nd-ave-new-york-city
https://www.grubhub.com/restaurant/veselka-144-2nd-ave-new-york-city/312813,312813,Veselka,4322 ratings,Breakfast,Bakery and Desserts,Cheese Cake,$10.00,veselka-144-2nd-ave-new-york-city
https://www.grubhub.com/restaurant/veselka-144-2nd-ave-new-york-city/312813,312813,Veselka,4322 ratings,Breakfast,Bakery and Desserts,Poppy Seed Bread,$6.00,veselka-144-2nd-ave-new-york-city
https://www.grubhub.com/restaurant/veselka-144-2nd-ave-new-york-city/312813,312813,Veselka,4322 ratings,Breakfast,Bakery and Desserts,Brownie,$7.00,veselka-144-2nd-ave-new-york-city
https://www.grubhub.com/restaurant/veselka-144-2nd-ave-new-york-city/312813,312813,Veselka,4322 ratings,Breakfast,Bakery and Desserts,Cookie B/Y,$6.00,veselka-144-2nd-ave-new-york-city
https://www.grubhub.com/restaurant/veselka-144-2nd-ave-new-york-city/312813,312813,Veselka,4322 ratings,Breakfast,Bakery and Desserts,Apricot Raspberry Bar,$7.00,veselka-144-2nd-ave-new-york-city
https://www.grubhub.com/restaurant/veselka-144-2nd-ave-new-york-city/312813,312813,Veselka,4322 ratings,Breakfast,Bakery and Desserts,Rice Krispy Treat,$4.00,veselka-144-2nd-ave-new-york-city
https://www.grubhub.com/restaurant/veselka-144-2nd-ave-new-york-city/312813,312813,Veselka,4322 ratings,Breakfast,Bakery and Desserts,Chocolate Custard,$9.00,veselka-144-2nd-ave-new-york-city
https://www.grubhub.com/restaurant/veselka-144-2nd-ave-new-york-city/312813,312813,Veselka,4322 ratings,Breakfast,Bakery and Desserts,Challah Loaf,$6.00,veselka-144-2nd-ave-new-york-city
https://www.grubhub.com/restaurant/veselka-144-2nd-ave-new-york-city/312813,312813,Veselka,4322 ratings,Breakfast,Bakery and Desserts,Apple Crumb Cake,$9.00,veselka-144-2nd-ave-new-york-city
https://www.grubhub.com/restaurant/veselka-144-2nd-ave-new-york-city/312813,312813,Veselka,4322 ratings,Breakfast,Bakery and Desserts,Medovyk,$10.00,veselka-144-2nd-ave-new-york-city
https://www.grubhub.com/restaurant/veselka-144-2nd-ave-new-york-city/312813,312813,Veselka,4322 ratings,Breakfast,Coffee/Espr./Tea,Coffee,$3.00,veselka-144-2nd-ave-new-york-city
https://www.grubhub.com/restaurant/veselka-144-2nd-ave-new-york-city/312813,312813,Veselka,4322 ratings,Breakfast,Coffee/Espr./Tea,Espresso Drinks,$6.00,veselka-144-2nd-ave-new-york-city
https://www.grubhub.com/restaurant/veselka-144-2nd-ave-new-york-city/312813,312813,Veselka,4322 ratings,Breakfast,Soda/Juice,Soda,$3.00,veselka-144-2nd-ave-new-york-city
https://www.grubhub.com/restaurant/veselka-144-2nd-ave-new-york-city/312813,312813,Veselka,4322 ratings,Breakfast,Soda/Juice,Juice,$5.00+,veselka-144-2nd-ave-new-york-city
https://www.grubhub.com/restaurant/sweetgreen-1740-broadway-new-york/2305142,2305142,sweetgreen,893 ratings,Salad,Protein Plates,Miso Glazed Salmon,$18.95,sweetgreen-1740-broadway-new-york
https://www.grubhub.com/restaurant/sweetgreen-1740-broadway-new-york/2305142,2305142,sweetgreen,893 ratings,Salad,Bowls,Chicken Pesto Parm,$17.50,sweetgreen-1740-broadway-new-york
https://www.grubhub.com/restaurant/sweetgreen-1740-broadway-new-york/2305142,2305142,sweetgreen,893 ratings,Salad,Bowls,Best Seller,$17.25,sweetgreen-1740-broadway-new-york
https://www.grubhub.com/restaurant/sweetgreen-1740-broadway-new-york/2305142,2305142,sweetgreen,893 ratings,Salad,Bowls,Crispy Rice Bowl,$17.95,sweetgreen-1740-broadway-new-york
https://www.grubhub.com/restaurant/sweetgreen-1740-broadway-new-york/2305142,2305142,sweetgreen,893 ratings,Salad,Bowls,Chicken Avocado Ranch,$16.95,sweetgreen-1740-broadway-new-york
https://www.grubhub.com/restaurant/sweetgreen-1740-broadway-new-york/2305142,2305142,sweetgreen,893 ratings,Salad,Bowls,Fish Taco,$19.75,sweetgreen-1740-broadway-new-york
https://www.grubhub.com/restaurant/sweetgreen-1740-broadway-new-york/2305142,2305142,sweetgreen,893 ratings,Salad,Bowls,Shroomami,$16.75,sweetgreen-1740-broadway-new-york
https://www.grubhub.com/restaurant/sweetgreen-1740-broadway-new-york/2305142,2305142,sweetgreen,893 ratings,Salad,Bowls,Elote Bowl,$15.95,sweetgreen-1740-broadway-new-york
https://www.grubhub.com/restaurant/sweetgreen-1740-broadway-new-york/2305142,2305142,sweetgreen,893 ratings,Salad,Salads,Super Green Goddess,$13.25,sweetgreen-1740-broadway-new-york
https://www.grubhub.com/restaurant/sweetgreen-1740-broadway-new-york/2305142,2305142,sweetgreen,893 ratings,Salad,Salads,Italian Chopped,$17.25,sweetgreen-1740-broadway-new-york
https://www.grubhub.com/restaurant/sweetgreen-1740-broadway-new-york/2305142,2305142,sweetgreen,893 ratings,Salad,Salads,BBQ Chicken Salad,$16.75,sweetgreen-1740-broadway-new-york
https://www.grubhub.com/restaurant/sweetgreen-1740-broadway-new-york/2305142,2305142,sweetgreen,893 ratings,Salad,Salads,Buffalo Chicken,$18.25,sweetgreen-1740-broadway-new-york
https://www.grubhub.com/restaurant/sweetgreen-1740-broadway-new-york/2305142,2305142,sweetgreen,893 ratings,Salad,Salads,Hummus Crunch,$15.50,sweetgreen-1740-broadway-new-york
https://www.grubhub.com/restaurant/sweetgreen-1740-broadway-new-york/2305142,2305142,sweetgreen,893 ratings,Salad,Salads,Garden Cobb,$17.50,sweetgreen-1740-broadway-new-york
https://www.grubhub.com/restaurant/sweetgreen-1740-broadway-new-york/2305142,2305142,sweetgreen,893 ratings,Salad,Salads,Best Seller,$16.95,sweetgreen-1740-broadway-new-york
https://www.grubhub.com/restaurant/sweetgreen-1740-broadway-new-york/2305142,2305142,sweetgreen,893 ratings,Salad,Salads,Best Seller,$16.25,sweetgreen-1740-broadway-new-york
https://www.grubhub.com/restaurant/sweetgreen-1740-broadway-new-york/2305142,2305142,sweetgreen,893 ratings,Salad,Custom,Create Your Own,$12.25,sweetgreen-1740-broadway-new-york
https://www.grubhub.com/restaurant/sweetgreen-1740-broadway-new-york/2305142,2305142,sweetgreen,893 ratings,Salad,Sides,Hot Stuff,$10.95,sweetgreen-1740-broadway-new-york
https://www.grubhub.com/restaurant/sweetgreen-1740-broadway-new-york/2305142,2305142,sweetgreen,893 ratings,Salad,Sides,SG X Siete: Green Goddess Ranch Potato Chips,$3.25,sweetgreen-1740-broadway-new-york
https://www.grubhub.com/restaurant/sweetgreen-1740-broadway-new-york/2305142,2305142,sweetgreen,893 ratings,Salad,Sides,Siete Sea Salt Potato Chips,$3.25,sweetgreen-1740-broadway-new-york
https://www.grubhub.com/restaurant/sweetgreen-1740-broadway-new-york/2305142,2305142,sweetgreen,893 ratings,Salad,Sides,Hummus + Focaccia,$4.75,sweetgreen-1740-broadway-new-york
https://www.grubhub.com/restaurant/sweetgreen-1740-broadway-new-york/2305142,2305142,sweetgreen,893 ratings,Salad,Sides,Roasted Sweet Potatoes + Green Goddess Ranch,$4.75,sweetgreen-1740-broadway-new-york
https://www.grubhub.com/restaurant/sweetgreen-1740-broadway-new-york/2305142,2305142,sweetgreen,893 ratings,Salad,Sides,Roasted Sweet Potatoes + Hot Honey Mustard,$4.75,sweetgreen-1740-broadway-new-york
https://www.grubhub.com/restaurant/sweetgreen-1740-broadway-new-york/2305142,2305142,sweetgreen,893 ratings,Salad,Sides,Rosemary Focaccia,$2.95,sweetgreen-1740-broadway-new-york
https://www.grubhub.com/restaurant/sweetgreen-1740-broadway-new-york/2305142,2305142,sweetgreen,893 ratings,Salad,Dessert,Hu Salty Dark Chocolate Bar,$6.25,sweetgreen-1740-broadway-new-york
https://www.grubhub.com/restaurant/sweetgreen-1740-broadway-new-york/2305142,2305142,sweetgreen,893 ratings,Salad,Dessert,Hu Cashews + Vanilla Bean Hunks,$3.75,sweetgreen-1740-broadway-new-york
https://www.grubhub.com/restaurant/sweetgreen-1740-broadway-new-york/2305142,2305142,sweetgreen,893 ratings,Salad,Dessert,Crispy Rice Treat,$3.75,sweetgreen-1740-broadway-new-york
https://www.grubhub.com/restaurant/sweetgreen-1740-broadway-new-york/2305142,2305142,sweetgreen,893 ratings,Salad,Beverages,Health-Ade Pink Lady Apple,$4.15,sweetgreen-1740-broadway-new-york
https://www.grubhub.com/restaurant/sweetgreen-1740-broadway-new-york/2305142,2305142,sweetgreen,893 ratings,Salad,Beverages,Harney & Sons Organic Lemonade,$4.25,sweetgreen-1740-broadway-new-york
https://www.grubhub.com/restaurant/sweetgreen-1740-broadway-new-york/2305142,2305142,sweetgreen,893 ratings,Salad,Beverages,Health-Ade Passionfruit Tangerine,$4.15,sweetgreen-1740-broadway-new-york
https://www.grubhub.com/restaurant/sweetgreen-1740-broadway-new-york/2305142,2305142,sweetgreen,893 ratings,Salad,Beverages,Sparkling Water,$3.25,sweetgreen-1740-broadway-new-york
https://www.grubhub.com/restaurant/sweetgreen-1740-broadway-new-york/2305142,2305142,sweetgreen,893 ratings,Salad,Beverages,Still Water,$3.25,sweetgreen-1740-broadway-new-york
https://www.grubhub.com/restaurant/sweetgreen-1740-broadway-new-york/2305142,2305142,sweetgreen,893 ratings,Salad,Beverages,Spindrift Raspberry Lime,$3.75,sweetgreen-1740-broadway-new-york
https://www.grubhub.com/restaurant/sweetgreen-1740-broadway-new-york/2305142,2305142,sweetgreen,893 ratings,Salad,Beverages,Spindrift Grapefruit,$3.75,sweetgreen-1740-broadway-new-york
https://www.grubhub.com/restaurant/sweetgreen-1740-broadway-new-york/2305142,2305142,sweetgreen,893 ratings,Salad,Beverages,OLIPOP Vintage Cola,$4.25,sweetgreen-1740-broadway-new-york
https://www.grubhub.com/restaurant/sweetgreen-1740-broadway-new-york/2305142,2305142,sweetgreen,893 ratings,Salad,Beverages,OLIPOP Lemon Lime Soda,$4.25,sweetgreen-1740-broadway-new-york
https://www.grubhub.com/restaurant/sweetgreen-1740-broadway-new-york/2305142,2305142,sweetgreen,893 ratings,Salad,Beverages,Jasmine Green Tea,$4.25,sweetgreen-1740-broadway-new-york
https://www.grubhub.com/restaurant/sweetgreen-1740-broadway-new-york/2305142,2305142,sweetgreen,893 ratings,Salad,Beverages,Hibiscus Clover Tea,$4.25,sweetgreen-1740-broadway-new-york
https://www.grubhub.com/restaurant/bbq-pit-355-amsterdam-avenue-new-york/6196408,6196408,BBQ PIT,148 ratings,BBQ,From the Grill,Hamburger Dlx,$12.75,bbq-pit-355-amsterdam-avenue-new-york
https://www.grubhub.com/restaurant/bbq-pit-355-amsterdam-avenue-new-york/6196408,6196408,BBQ PIT,148 ratings,BBQ,From the Grill,Cheeseburger Dlx,$13.50,bbq-pit-355-amsterdam-avenue-new-york
https://www.grubhub.com/restaurant/bbq-pit-355-amsterdam-avenue-new-york/6196408,6196408,BBQ PIT,148 ratings,BBQ,From the Grill,Turkey Dlx,$13.00,bbq-pit-355-amsterdam-avenue-new-york
https://www.grubhub.com/restaurant/bbq-pit-355-amsterdam-avenue-new-york/6196408,6196408,BBQ PIT,148 ratings,BBQ,From the Grill,"Pork Chop 1 Piece Special, Rice, Greek Salad",$16.00,bbq-pit-355-amsterdam-avenue-new-york
https://www.grubhub.com/restaurant/bbq-pit-355-amsterdam-avenue-new-york/6196408,6196408,BBQ PIT,148 ratings,BBQ,From the Grill,Best Seller,$20.00,bbq-pit-355-amsterdam-avenue-new-york
https://www.grubhub.com/restaurant/bbq-pit-355-amsterdam-avenue-new-york/6196408,6196408,BBQ PIT,148 ratings,BBQ,From the Grill,"Salmon Special Rice, Greek Salad",$20.00,bbq-pit-355-amsterdam-avenue-new-york
https://www.grubhub.com/restaurant/bbq-pit-355-amsterdam-avenue-new-york/6196408,6196408,BBQ PIT,148 ratings,BBQ,From the Grill,Steak Special with 1 Side Order,$33.00,bbq-pit-355-amsterdam-avenue-new-york
https://www.grubhub.com/restaurant/bbq-pit-355-amsterdam-avenue-new-york/6196408,6196408,BBQ PIT,148 ratings,BBQ,Fried Deligts,6 Piece Mozzarella Stix,$7.00,bbq-pit-355-amsterdam-avenue-new-york
https://www.grubhub.com/restaurant/bbq-pit-355-amsterdam-avenue-new-york/6196408,6196408,BBQ PIT,148 ratings,BBQ,Fried Deligts,4 Piece Chicken Fingers,$11.00,bbq-pit-355-amsterdam-avenue-new-york
https://www.grubhub.com/restaurant/bbq-pit-355-amsterdam-avenue-new-york/6196408,6196408,BBQ PIT,148 ratings,BBQ,Fried Deligts,Sweet Potato Fries,$6.50,bbq-pit-355-amsterdam-avenue-new-york
https://www.grubhub.com/restaurant/bbq-pit-355-amsterdam-avenue-new-york/6196408,6196408,BBQ PIT,148 ratings,BBQ,Fried Deligts,Sweet Plantains,$6.50,bbq-pit-355-amsterdam-avenue-new-york
https://www.grubhub.com/restaurant/bbq-pit-355-amsterdam-avenue-new-york/6196408,6196408,BBQ PIT,148 ratings,BBQ,Greek Specialties,Gyro Platter Large,$17.50,bbq-pit-355-amsterdam-avenue-new-york
https://www.grubhub.com/restaurant/bbq-pit-355-amsterdam-avenue-new-york/6196408,6196408,BBQ PIT,148 ratings,BBQ,Greek Specialties,Chicken Souvlaki Platter Large,$17.50,bbq-pit-355-amsterdam-avenue-new-york
https://www.grubhub.com/restaurant/bbq-pit-355-amsterdam-avenue-new-york/6196408,6196408,BBQ PIT,148 ratings,BBQ,Greek Specialties,Chicken Shawarma Platter Large,$17.50,bbq-pit-355-amsterdam-avenue-new-york
https://www.grubhub.com/restaurant/bbq-pit-355-amsterdam-avenue-new-york/6196408,6196408,BBQ PIT,148 ratings,BBQ,Bbq Pit,Whole Chicken Charcol Broiled,$19.50,bbq-pit-355-amsterdam-avenue-new-york
https://www.grubhub.com/restaurant/bbq-pit-355-amsterdam-avenue-new-york/6196408,6196408,BBQ PIT,148 ratings,BBQ,Bbq Pit,1/2 Chicken Charcol Broiled,$11.00,bbq-pit-355-amsterdam-avenue-new-york
https://www.grubhub.com/restaurant/bbq-pit-355-amsterdam-avenue-new-york/6196408,6196408,BBQ PIT,148 ratings,BBQ,Bbq Pit,Best Seller,$19.50,bbq-pit-355-amsterdam-avenue-new-york
https://www.grubhub.com/restaurant/bbq-pit-355-amsterdam-avenue-new-york/6196408,6196408,BBQ PIT,148 ratings,BBQ,Bbq Pit,1/2 Chicken Bbq'd,$11.00,bbq-pit-355-amsterdam-avenue-new-york
https://www.grubhub.com/restaurant/bbq-pit-355-amsterdam-avenue-new-york/6196408,6196408,BBQ PIT,148 ratings,BBQ,Bbq Pit,1/4 Chicken Bbq'd,$7.25,bbq-pit-355-amsterdam-avenue-new-york
https://www.grubhub.com/restaurant/bbq-pit-355-amsterdam-avenue-new-york/6196408,6196408,BBQ PIT,148 ratings,BBQ,Bbq Pit,Best Seller,$30.00,bbq-pit-355-amsterdam-avenue-new-york
https://www.grubhub.com/restaurant/bbq-pit-355-amsterdam-avenue-new-york/6196408,6196408,BBQ PIT,148 ratings,BBQ,Bbq Pit,1/2 Baby Backribs,$18.00,bbq-pit-355-amsterdam-avenue-new-york
https://www.grubhub.com/restaurant/bbq-pit-355-amsterdam-avenue-new-york/6196408,6196408,BBQ PIT,148 ratings,BBQ,Bbq Pit,1/2 Bbq'd Chicken 1/2 Ribs,$28.00,bbq-pit-355-amsterdam-avenue-new-york
https://www.grubhub.com/restaurant/bbq-pit-355-amsterdam-avenue-new-york/6196408,6196408,BBQ PIT,148 ratings,BBQ,Bbq Pit,2 Piece Bbq'd Boneless Thights,$10.00,bbq-pit-355-amsterdam-avenue-new-york
https://www.grubhub.com/restaurant/bbq-pit-355-amsterdam-avenue-new-york/6196408,6196408,BBQ PIT,148 ratings,BBQ,Bbq Pit,6 Piece Grilled Bbq Wings,$10.75,bbq-pit-355-amsterdam-avenue-new-york
https://www.grubhub.com/restaurant/bbq-pit-355-amsterdam-avenue-new-york/6196408,6196408,BBQ PIT,148 ratings,BBQ,Bbq Pit,9 Piece Grilled Bbq Wings,$14.25,bbq-pit-355-amsterdam-avenue-new-york
https://www.grubhub.com/restaurant/bbq-pit-355-amsterdam-avenue-new-york/6196408,6196408,BBQ PIT,148 ratings,BBQ,Bbq Pit,1/4 Chicken Bbq'd 3 Piece Ribs,$13.00,bbq-pit-355-amsterdam-avenue-new-york
https://www.grubhub.com/restaurant/bbq-pit-355-amsterdam-avenue-new-york/6196408,6196408,BBQ PIT,148 ratings,BBQ,Bbq Pit,5 Piece Bbq'd Grilled Shrimps,$13.00,bbq-pit-355-amsterdam-avenue-new-york
https://www.grubhub.com/restaurant/bbq-pit-355-amsterdam-avenue-new-york/6196408,6196408,BBQ PIT,148 ratings,BBQ,Bbq Pit,10 Piece Bbq'd Grilled Shrimps,$25.00,bbq-pit-355-amsterdam-avenue-new-york
https://www.grubhub.com/restaurant/bbq-pit-355-amsterdam-avenue-new-york/6196408,6196408,BBQ PIT,148 ratings,BBQ,Side Orders,Rice,$5.50,bbq-pit-355-amsterdam-avenue-new-york
https://www.grubhub.com/restaurant/bbq-pit-355-amsterdam-avenue-new-york/6196408,6196408,BBQ PIT,148 ratings,BBQ,Side Orders,French Fries,$5.50,bbq-pit-355-amsterdam-avenue-new-york
https://www.grubhub.com/restaurant/bbq-pit-355-amsterdam-avenue-new-york/6196408,6196408,BBQ PIT,148 ratings,BBQ,Side Orders,Mashed Potatoes,$5.50,bbq-pit-355-amsterdam-avenue-new-york
https://www.grubhub.com/restaurant/bbq-pit-355-amsterdam-avenue-new-york/6196408,6196408,BBQ PIT,148 ratings,BBQ,Side Orders,Corn on Cob,$5.50,bbq-pit-355-amsterdam-avenue-new-york
https://www.grubhub.com/restaurant/bbq-pit-355-amsterdam-avenue-new-york/6196408,6196408,BBQ PIT,148 ratings,BBQ,Side Orders,Loose Corn,$5.50,bbq-pit-355-amsterdam-avenue-new-york
https://www.grubhub.com/restaurant/bbq-pit-355-amsterdam-avenue-new-york/6196408,6196408,BBQ PIT,148 ratings,BBQ,Side Orders,Red Beans,$5.50,bbq-pit-355-amsterdam-avenue-new-york
https://www.grubhub.com/restaurant/bbq-pit-355-amsterdam-avenue-new-york/6196408,6196408,BBQ PIT,148 ratings,BBQ,Side Orders,Mac and Cheese,$5.50,bbq-pit-355-amsterdam-avenue-new-york
https://www.grubhub.com/restaurant/bbq-pit-355-amsterdam-avenue-new-york/6196408,6196408,BBQ PIT,148 ratings,BBQ,Side Orders,Rice and Beans,$5.50,bbq-pit-355-amsterdam-avenue-new-york
https://www.grubhub.com/restaurant/bbq-pit-355-amsterdam-avenue-new-york/6196408,6196408,BBQ PIT,148 ratings,BBQ,Salads,Italian Salad Large,$13.75,bbq-pit-355-amsterdam-avenue-new-york
https://www.grubhub.com/restaurant/bbq-pit-355-amsterdam-avenue-new-york/6196408,6196408,BBQ PIT,148 ratings,BBQ,Salads,Caesar Salad Large,$12.75,bbq-pit-355-amsterdam-avenue-new-york
https://www.grubhub.com/restaurant/bbq-pit-355-amsterdam-avenue-new-york/6196408,6196408,BBQ PIT,148 ratings,BBQ,Salads,Green Salad Large,$13.25,bbq-pit-355-amsterdam-avenue-new-york
https://www.grubhub.com/restaurant/bbq-pit-355-amsterdam-avenue-new-york/6196408,6196408,BBQ PIT,148 ratings,BBQ,Salads,Greek Salad Large,$13.75,bbq-pit-355-amsterdam-avenue-new-york
https://www.grubhub.com/restaurant/bbq-pit-355-amsterdam-avenue-new-york/6196408,6196408,BBQ PIT,148 ratings,BBQ,Salads,Arugula Salad Large,$13.75,bbq-pit-355-amsterdam-avenue-new-york
https://www.grubhub.com/restaurant/honeybrains-372-lafayette-st-new-york/2038483,2038483,Honeybrains,227 ratings,Bowls,Flat Breads,Avocado Flatbread,$9.50+,honeybrains-372-lafayette-st-new-york
https://www.grubhub.com/restaurant/honeybrains-372-lafayette-st-new-york/2038483,2038483,Honeybrains,227 ratings,Bowls,Flat Breads,Smoked Salmon Flatbread,$9.50+,honeybrains-372-lafayette-st-new-york
https://www.grubhub.com/restaurant/honeybrains-372-lafayette-st-new-york/2038483,2038483,Honeybrains,227 ratings,Bowls,Flat Breads,Yogurt & Honey Flatbread,$9.50+,honeybrains-372-lafayette-st-new-york
https://www.grubhub.com/restaurant/honeybrains-372-lafayette-st-new-york/2038483,2038483,Honeybrains,227 ratings,Bowls,Wraps,"Chicken, Lettuce, Tomato",$9.50,honeybrains-372-lafayette-st-new-york
https://www.grubhub.com/restaurant/honeybrains-372-lafayette-st-new-york/2038483,2038483,Honeybrains,227 ratings,Bowls,Wraps,"Egg, Spinach, Avocado",$8.50,honeybrains-372-lafayette-st-new-york
https://www.grubhub.com/restaurant/honeybrains-372-lafayette-st-new-york/2038483,2038483,Honeybrains,227 ratings,Bowls,Brain Bowls,Hawaiian Bowl,$11.75,honeybrains-372-lafayette-st-new-york
https://www.grubhub.com/restaurant/honeybrains-372-lafayette-st-new-york/2038483,2038483,Honeybrains,227 ratings,Bowls,Brain Bowls,Super Sweet Potatoes,$11.75,honeybrains-372-lafayette-st-new-york
https://www.grubhub.com/restaurant/honeybrains-372-lafayette-st-new-york/2038483,2038483,Honeybrains,227 ratings,Bowls,Brain Bowls,HB Noodles,$11.75,honeybrains-372-lafayette-st-new-york
https://www.grubhub.com/restaurant/honeybrains-372-lafayette-st-new-york/2038483,2038483,Honeybrains,227 ratings,Bowls,Brain Bowls,The Fiesta,$11.75,honeybrains-372-lafayette-st-new-york
https://www.grubhub.com/restaurant/honeybrains-372-lafayette-st-new-york/2038483,2038483,Honeybrains,227 ratings,Bowls,Brain Bowls,Nori Nirvana,$11.75,honeybrains-372-lafayette-st-new-york
https://www.grubhub.com/restaurant/honeybrains-372-lafayette-st-new-york/2038483,2038483,Honeybrains,227 ratings,Bowls,Salads,Cobb Salad,$16.50,honeybrains-372-lafayette-st-new-york
https://www.grubhub.com/restaurant/honeybrains-372-lafayette-st-new-york/2038483,2038483,Honeybrains,227 ratings,Bowls,Salads,Farm Salad,$16.50,honeybrains-372-lafayette-st-new-york
https://www.grubhub.com/restaurant/honeybrains-372-lafayette-st-new-york/2038483,2038483,Honeybrains,227 ratings,Bowls,Salads,Best Seller,$15.75,honeybrains-372-lafayette-st-new-york
https://www.grubhub.com/restaurant/honeybrains-372-lafayette-st-new-york/2038483,2038483,Honeybrains,227 ratings,Bowls,Sandwiches,HB Signature Sandwich,$13.50+,honeybrains-372-lafayette-st-new-york
https://www.grubhub.com/restaurant/honeybrains-372-lafayette-st-new-york/2038483,2038483,Honeybrains,227 ratings,Bowls,Sandwiches,Tuna Sandwich,$13.50+,honeybrains-372-lafayette-st-new-york
https://www.grubhub.com/restaurant/honeybrains-372-lafayette-st-new-york/2038483,2038483,Honeybrains,227 ratings,Bowls,Sandwiches,Grilled Kim-Cheese Sandwich,$11.00+,honeybrains-372-lafayette-st-new-york
https://www.grubhub.com/restaurant/honeybrains-372-lafayette-st-new-york/2038483,2038483,Honeybrains,227 ratings,Bowls,Healthful Snacks,Banana,$2.00,honeybrains-372-lafayette-st-new-york
https://www.grubhub.com/restaurant/honeybrains-372-lafayette-st-new-york/2038483,2038483,Honeybrains,227 ratings,Bowls,Healthful Snacks,HB Hummus Cup,$7.00,honeybrains-372-lafayette-st-new-york
https://www.grubhub.com/restaurant/honeybrains-372-lafayette-st-new-york/2038483,2038483,Honeybrains,227 ratings,Bowls,Healthful Snacks,Berry Bowl,$7.00,honeybrains-372-lafayette-st-new-york
https://www.grubhub.com/restaurant/honeybrains-372-lafayette-st-new-york/2038483,2038483,Honeybrains,227 ratings,Bowls,Healthful Snacks,Peanut Butter & Banana,$8.00,honeybrains-372-lafayette-st-new-york
https://www.grubhub.com/restaurant/honeybrains-372-lafayette-st-new-york/2038483,2038483,Honeybrains,227 ratings,Bowls,Healthful Snacks,Greek Yogurt,$7.50,honeybrains-372-lafayette-st-new-york
https://www.grubhub.com/restaurant/honeybrains-372-lafayette-st-new-york/2038483,2038483,Honeybrains,227 ratings,Bowls,Sides,Add Egg,$0.00,honeybrains-372-lafayette-st-new-york
https://www.grubhub.com/restaurant/honeybrains-372-lafayette-st-new-york/2038483,2038483,Honeybrains,227 ratings,Bowls,Sides,Chicken Breast Side,$4.75,honeybrains-372-lafayette-st-new-york
https://www.grubhub.com/restaurant/honeybrains-372-lafayette-st-new-york/2038483,2038483,Honeybrains,227 ratings,Bowls,Sides,Half Avocado,$6.00,honeybrains-372-lafayette-st-new-york
https://www.grubhub.com/restaurant/honeybrains-372-lafayette-st-new-york/2038483,2038483,Honeybrains,227 ratings,Bowls,Sides,Honey Side,$0.50,honeybrains-372-lafayette-st-new-york
https://www.grubhub.com/restaurant/honeybrains-372-lafayette-st-new-york/2038483,2038483,Honeybrains,227 ratings,Bowls,Sides,Roasted Broccoli,$7.00,honeybrains-372-lafayette-st-new-york
https://www.grubhub.com/restaurant/honeybrains-372-lafayette-st-new-york/2038483,2038483,Honeybrains,227 ratings,Bowls,Sides,Side Atlantic Salmon,$4.75,honeybrains-372-lafayette-st-new-york
https://www.grubhub.com/restaurant/honeybrains-372-lafayette-st-new-york/2038483,2038483,Honeybrains,227 ratings,Bowls,Sides,Side Coffee Crusted Steak,$4.75,honeybrains-372-lafayette-st-new-york
https://www.grubhub.com/restaurant/honeybrains-372-lafayette-st-new-york/2038483,2038483,Honeybrains,227 ratings,Bowls,Sides,Side Crispy Tofu,$4.75,honeybrains-372-lafayette-st-new-york
https://www.grubhub.com/restaurant/honeybrains-372-lafayette-st-new-york/2038483,2038483,Honeybrains,227 ratings,Bowls,Sides,Side of Plain Toast,$3.00,honeybrains-372-lafayette-st-new-york
https://www.grubhub.com/restaurant/honeybrains-372-lafayette-st-new-york/2038483,2038483,Honeybrains,227 ratings,Bowls,Sides,Side Miso Salmon,$4.75,honeybrains-372-lafayette-st-new-york
https://www.grubhub.com/restaurant/honeybrains-372-lafayette-st-new-york/2038483,2038483,Honeybrains,227 ratings,Bowls,Sides,Side Smoked Salmon,$6.00,honeybrains-372-lafayette-st-new-york
https://www.grubhub.com/restaurant/honeybrains-372-lafayette-st-new-york/2038483,2038483,Honeybrains,227 ratings,Bowls,Sides,Side Sweet Potato Puree,$6.00,honeybrains-372-lafayette-st-new-york
https://www.grubhub.com/restaurant/honeybrains-372-lafayette-st-new-york/2038483,2038483,Honeybrains,227 ratings,Bowls,Sides,Side Turkey Bacon,$3.00,honeybrains-372-lafayette-st-new-york
https://www.grubhub.com/restaurant/honeybrains-372-lafayette-st-new-york/2038483,2038483,Honeybrains,227 ratings,Bowls,Soup,Seasonal Soup,$7.50,honeybrains-372-lafayette-st-new-york
https://www.grubhub.com/restaurant/honeybrains-372-lafayette-st-new-york/2038483,2038483,Honeybrains,227 ratings,Bowls,Specialty Drinks,Nut & Honey Latte,$5.50+,honeybrains-372-lafayette-st-new-york
https://www.grubhub.com/restaurant/honeybrains-372-lafayette-st-new-york/2038483,2038483,Honeybrains,227 ratings,Bowls,Specialty Drinks,Belgian Hot Chocolate,$5.00+,honeybrains-372-lafayette-st-new-york
https://www.grubhub.com/restaurant/honeybrains-372-lafayette-st-new-york/2038483,2038483,Honeybrains,227 ratings,Bowls,Specialty Drinks,Golden Milk Latte,$5.50+,honeybrains-372-lafayette-st-new-york
https://www.grubhub.com/restaurant/honeybrains-372-lafayette-st-new-york/2038483,2038483,Honeybrains,227 ratings,Bowls,Specialty Drinks,Hibiscus Sunset,$5.50+,honeybrains-372-lafayette-st-new-york
https://www.grubhub.com/restaurant/honeybrains-372-lafayette-st-new-york/2038483,2038483,Honeybrains,227 ratings,Bowls,Specialty Drinks,Matcha for Life,$6.25+,honeybrains-372-lafayette-st-new-york
https://www.grubhub.com/restaurant/honeybrains-372-lafayette-st-new-york/2038483,2038483,Honeybrains,227 ratings,Bowls,Specialty Drinks,Green Tea Refresh,$5.25+,honeybrains-372-lafayette-st-new-york
https://www.grubhub.com/restaurant/honeybrains-372-lafayette-st-new-york/2038483,2038483,Honeybrains,227 ratings,Bowls,Specialty Drinks,London Fog Tea,$5.25+,honeybrains-372-lafayette-st-new-york
https://www.grubhub.com/restaurant/honeybrains-372-lafayette-st-new-york/2038483,2038483,Honeybrains,227 ratings,Bowls,Specialty Drinks,Lemonade Kick,$5.25+,honeybrains-372-lafayette-st-new-york
https://www.grubhub.com/restaurant/honeybrains-372-lafayette-st-new-york/2038483,2038483,Honeybrains,227 ratings,Bowls,Specialty Drinks,Fruit Infused Iced Teas,$5.25+,honeybrains-372-lafayette-st-new-york
https://www.grubhub.com/restaurant/honeybrains-372-lafayette-st-new-york/2038483,2038483,Honeybrains,227 ratings,Bowls,Coffee & Teas,Americano,$4.00+,honeybrains-372-lafayette-st-new-york
https://www.grubhub.com/restaurant/honeybrains-372-lafayette-st-new-york/2038483,2038483,Honeybrains,227 ratings,Bowls,Coffee & Teas,Assorted Teas,$4.25,honeybrains-372-lafayette-st-new-york
https://www.grubhub.com/restaurant/honeybrains-372-lafayette-st-new-york/2038483,2038483,Honeybrains,227 ratings,Bowls,Coffee & Teas,Cafe au Lait,$4.50+,honeybrains-372-lafayette-st-new-york
https://www.grubhub.com/restaurant/honeybrains-372-lafayette-st-new-york/2038483,2038483,Honeybrains,227 ratings,Bowls,Coffee & Teas,Cafe Latte,$5.00+,honeybrains-372-lafayette-st-new-york
https://www.grubhub.com/restaurant/honeybrains-372-lafayette-st-new-york/2038483,2038483,Honeybrains,227 ratings,Bowls,Coffee & Teas,Cafe Mocha,$5.50+,honeybrains-372-lafayette-st-new-york
https://www.grubhub.com/restaurant/honeybrains-372-lafayette-st-new-york/2038483,2038483,Honeybrains,227 ratings,Bowls,Coffee & Teas,Cappuccino,$5.00+,honeybrains-372-lafayette-st-new-york
https://www.grubhub.com/restaurant/honeybrains-372-lafayette-st-new-york/2038483,2038483,Honeybrains,227 ratings,Bowls,Coffee & Teas,ChagaChino,$3.50+,honeybrains-372-lafayette-st-new-york
https://www.grubhub.com/restaurant/honeybrains-372-lafayette-st-new-york/2038483,2038483,Honeybrains,227 ratings,Bowls,Coffee & Teas,Chai Latte,$5.00+,honeybrains-372-lafayette-st-new-york
https://www.grubhub.com/restaurant/honeybrains-372-lafayette-st-new-york/2038483,2038483,Honeybrains,227 ratings,Bowls,Coffee & Teas,Drip Coffee,$3.75+,honeybrains-372-lafayette-st-new-york
https://www.grubhub.com/restaurant/honeybrains-372-lafayette-st-new-york/2038483,2038483,Honeybrains,227 ratings,Bowls,Coffee & Teas,Espresso,$4.25,honeybrains-372-lafayette-st-new-york
https://www.grubhub.com/restaurant/honeybrains-372-lafayette-st-new-york/2038483,2038483,Honeybrains,227 ratings,Bowls,Coffee & Teas,Honey Toddy,$4.50+,honeybrains-372-lafayette-st-new-york
https://www.grubhub.com/restaurant/honeybrains-372-lafayette-st-new-york/2038483,2038483,Honeybrains,227 ratings,Bowls,Coffee & Teas,Hot Water & Lemon,$0.50+,honeybrains-372-lafayette-st-new-york
https://www.grubhub.com/restaurant/honeybrains-372-lafayette-st-new-york/2038483,2038483,Honeybrains,227 ratings,Bowls,Coffee & Teas,Organic Matcha Latte,$5.75+,honeybrains-372-lafayette-st-new-york
https://www.grubhub.com/restaurant/honeybrains-372-lafayette-st-new-york/2038483,2038483,Honeybrains,227 ratings,Bowls,Coffee & Teas,Organic Matcha Tea,$5.50+,honeybrains-372-lafayette-st-new-york
https://www.grubhub.com/restaurant/honeybrains-372-lafayette-st-new-york/2038483,2038483,Honeybrains,227 ratings,Bowls,Coffee & Teas,Red Eye,$5.00+,honeybrains-372-lafayette-st-new-york
https://www.grubhub.com/restaurant/honeybrains-372-lafayette-st-new-york/2038483,2038483,Honeybrains,227 ratings,Bowls,HB Juice,Ginseng Mind,$10.95,honeybrains-372-lafayette-st-new-york
https://www.grubhub.com/restaurant/honeybrains-372-lafayette-st-new-york/2038483,2038483,Honeybrains,227 ratings,Bowls,HB Juice,Kickstart,$10.95,honeybrains-372-lafayette-st-new-york
https://www.grubhub.com/restaurant/honeybrains-372-lafayette-st-new-york/2038483,2038483,Honeybrains,227 ratings,Bowls,HB Juice,Green Boost,$10.95,honeybrains-372-lafayette-st-new-york
https://www.grubhub.com/restaurant/honeybrains-372-lafayette-st-new-york/2038483,2038483,Honeybrains,227 ratings,Bowls,HB Juice,Citrus Rosemary,$10.95,honeybrains-372-lafayette-st-new-york
https://www.grubhub.com/restaurant/honeybrains-372-lafayette-st-new-york/2038483,2038483,Honeybrains,227 ratings,Bowls,HB Juice,Happy Greens,$10.95,honeybrains-372-lafayette-st-new-york
https://www.grubhub.com/restaurant/honeybrains-372-lafayette-st-new-york/2038483,2038483,Honeybrains,227 ratings,Bowls,HB Juice,Ginger Shot,$5.50,honeybrains-372-lafayette-st-new-york
https://www.grubhub.com/restaurant/honeybrains-372-lafayette-st-new-york/2038483,2038483,Honeybrains,227 ratings,Bowls,Drinks,Spin Drift,$4.50,honeybrains-372-lafayette-st-new-york
https://www.grubhub.com/restaurant/honeybrains-372-lafayette-st-new-york/2038483,2038483,Honeybrains,227 ratings,Bowls,Drinks,Kombucha,$8.00,honeybrains-372-lafayette-st-new-york
https://www.grubhub.com/restaurant/honeybrains-372-lafayette-st-new-york/2038483,2038483,Honeybrains,227 ratings,Bowls,Drinks,Poppi,$4.75,honeybrains-372-lafayette-st-new-york
https://www.grubhub.com/restaurant/honeybrains-372-lafayette-st-new-york/2038483,2038483,Honeybrains,227 ratings,Bowls,Drinks,Saratoga Sparkling,$4.50,honeybrains-372-lafayette-st-new-york
https://www.grubhub.com/restaurant/honeybrains-372-lafayette-st-new-york/2038483,2038483,Honeybrains,227 ratings,Bowls,Drinks,Saratoga Still,$4.50,honeybrains-372-lafayette-st-new-york
https://www.grubhub.com/restaurant/honeybrains-372-lafayette-st-new-york/2038483,2038483,Honeybrains,227 ratings,Bowls,Drinks,Small Iced Water Cup,$0.25,honeybrains-372-lafayette-st-new-york
https://www.grubhub.com/restaurant/honeybrains-372-lafayette-st-new-york/2038483,2038483,Honeybrains,227 ratings,Bowls,Drinks,Orange Juice,$4.75,honeybrains-372-lafayette-st-new-york
https://www.grubhub.com/restaurant/honeybrains-372-lafayette-st-new-york/2038483,2038483,Honeybrains,227 ratings,Bowls,Homemade HB,HB Granola,$10.00,honeybrains-372-lafayette-st-new-york
https://www.grubhub.com/restaurant/honeybrains-372-lafayette-st-new-york/2038483,2038483,Honeybrains,227 ratings,Bowls,Pastries,Classic Brownie,$6.95,honeybrains-372-lafayette-st-new-york
https://www.grubhub.com/restaurant/honeybrains-372-lafayette-st-new-york/2038483,2038483,Honeybrains,227 ratings,Bowls,Pastries,Lamington,$6.95,honeybrains-372-lafayette-st-new-york
https://www.grubhub.com/restaurant/honeybrains-372-lafayette-st-new-york/2038483,2038483,Honeybrains,227 ratings,Bowls,Pastries,Vegan Banana Bread,$7.95,honeybrains-372-lafayette-st-new-york
https://www.grubhub.com/restaurant/honeybrains-372-lafayette-st-new-york/2038483,2038483,Honeybrains,227 ratings,Bowls,Pastries,Snicker Doodle cookie,$4.52,honeybrains-372-lafayette-st-new-york
https://www.grubhub.com/restaurant/honeybrains-372-lafayette-st-new-york/2038483,2038483,Honeybrains,227 ratings,Bowls,Pastries,Chocolate chip cookie,$4.52,honeybrains-372-lafayette-st-new-york
https://www.grubhub.com/restaurant/honeybrains-372-lafayette-st-new-york/2038483,2038483,Honeybrains,227 ratings,Bowls,Pastries,Pain Au Chocolate,$5.90,honeybrains-372-lafayette-st-new-york
https://www.grubhub.com/restaurant/honeybrains-372-lafayette-st-new-york/2038483,2038483,Honeybrains,227 ratings,Bowls,Pastries,Cheese Danish,$5.72,honeybrains-372-lafayette-st-new-york
https://www.grubhub.com/restaurant/honeybrains-372-lafayette-st-new-york/2038483,2038483,Honeybrains,227 ratings,Bowls,Snacks,Banana,$1.00,honeybrains-372-lafayette-st-new-york
https://www.grubhub.com/restaurant/honeybrains-372-lafayette-st-new-york/2038483,2038483,Honeybrains,227 ratings,Bowls,Snacks,Banana Plantain Chips,$5.95,honeybrains-372-lafayette-st-new-york
https://www.grubhub.com/restaurant/honeybrains-372-lafayette-st-new-york/2038483,2038483,Honeybrains,227 ratings,Bowls,Snacks,Fruit IQ,$5.95,honeybrains-372-lafayette-st-new-york
https://www.grubhub.com/restaurant/honeybrains-372-lafayette-st-new-york/2038483,2038483,Honeybrains,227 ratings,Bowls,Snacks,small Hippeas puff,$2.16,honeybrains-372-lafayette-st-new-york
https://www.grubhub.com/restaurant/honeybrains-372-lafayette-st-new-york/2038483,2038483,Honeybrains,227 ratings,Bowls,Snacks,Hu Chocolate Bars,$8.95,honeybrains-372-lafayette-st-new-york
https://www.grubhub.com/restaurant/honeybrains-372-lafayette-st-new-york/2038483,2038483,Honeybrains,227 ratings,Bowls,Snacks,Hu Chocolate Gems,$9.95,honeybrains-372-lafayette-st-new-york
https://www.grubhub.com/restaurant/honeybrains-372-lafayette-st-new-york/2038483,2038483,Honeybrains,227 ratings,Bowls,Snacks,Justins PB Cups,$5.95,honeybrains-372-lafayette-st-new-york
https://www.grubhub.com/restaurant/honeybrains-372-lafayette-st-new-york/2038483,2038483,Honeybrains,227 ratings,Bowls,Snacks,small tortilla chips,$3.00,honeybrains-372-lafayette-st-new-york
https://www.grubhub.com/restaurant/honeybrains-372-lafayette-st-new-york/2038483,2038483,Honeybrains,227 ratings,Bowls,Snacks,Made Good Bar,$3.95,honeybrains-372-lafayette-st-new-york
https://www.grubhub.com/restaurant/honeybrains-372-lafayette-st-new-york/2038483,2038483,Honeybrains,227 ratings,Bowls,Snacks,Mavuno Cashews,$9.52,honeybrains-372-lafayette-st-new-york
https://www.grubhub.com/restaurant/honeybrains-372-lafayette-st-new-york/2038483,2038483,Honeybrains,227 ratings,Bowls,Snacks,Mavuno Dried Banana,$7.95,honeybrains-372-lafayette-st-new-york
https://www.grubhub.com/restaurant/honeybrains-372-lafayette-st-new-york/2038483,2038483,Honeybrains,227 ratings,Bowls,Snacks,Mavuno Dried Mango,$7.95,honeybrains-372-lafayette-st-new-york
https://www.grubhub.com/restaurant/honeybrains-372-lafayette-st-new-york/2038483,2038483,Honeybrains,227 ratings,Bowls,Honey,Honeybrains Wildflower Honey,$16.00,honeybrains-372-lafayette-st-new-york
https://www.grubhub.com/restaurant/honeybrains-372-lafayette-st-new-york/2038483,2038483,Honeybrains,227 ratings,Bowls,Honey,Honeybrains Urban Honey,$35.00,honeybrains-372-lafayette-st-new-york
https://www.grubhub.com/restaurant/honeybrains-372-lafayette-st-new-york/2038483,2038483,Honeybrains,227 ratings,Bowls,Honey,Mieli Thun Eucalyptus,$20.00,honeybrains-372-lafayette-st-new-york
https://www.grubhub.com/restaurant/honeybrains-372-lafayette-st-new-york/2038483,2038483,Honeybrains,227 ratings,Bowls,Honey,Rare Hawaiian Lilikoi,$25.95,honeybrains-372-lafayette-st-new-york
https://www.grubhub.com/restaurant/honeybrains-372-lafayette-st-new-york/2038483,2038483,Honeybrains,227 ratings,Bowls,Honey,Rare Hawaiian Ginger,$25.95,honeybrains-372-lafayette-st-new-york
https://www.grubhub.com/restaurant/honeybrains-372-lafayette-st-new-york/2038483,2038483,Honeybrains,227 ratings,Bowls,Honey,Manuka Squeeze,$46.00,honeybrains-372-lafayette-st-new-york
https://www.grubhub.com/restaurant/honeybrains-372-lafayette-st-new-york/2038483,2038483,Honeybrains,227 ratings,Bowls,Honey,Mieli Thuni Honeydew,$20.00,honeybrains-372-lafayette-st-new-york
https://www.grubhub.com/restaurant/honeybrains-372-lafayette-st-new-york/2038483,2038483,Honeybrains,227 ratings,Bowls,Honey,Miele Floral Apple Tree,$24.00,honeybrains-372-lafayette-st-new-york
https://www.grubhub.com/restaurant/honeybrains-372-lafayette-st-new-york/2038483,2038483,Honeybrains,227 ratings,Bowls,Honey,White Gold,$22.95,honeybrains-372-lafayette-st-new-york
https://www.grubhub.com/restaurant/honeybrains-372-lafayette-st-new-york/2038483,2038483,Honeybrains,227 ratings,Bowls,Honey,Wedderspoon Raw Rata Honey,$37.00,honeybrains-372-lafayette-st-new-york
https://www.grubhub.com/restaurant/honeybrains-372-lafayette-st-new-york/2038483,2038483,Honeybrains,227 ratings,Bowls,Honey,Castanuela Raw Honey,$30.00,honeybrains-372-lafayette-st-new-york
https://www.grubhub.com/restaurant/honeybrains-372-lafayette-st-new-york/2038483,2038483,Honeybrains,227 ratings,Bowls,Retail,BLXR Brain Fuel Single Shot,$10.00,honeybrains-372-lafayette-st-new-york
https://www.grubhub.com/restaurant/honeybrains-372-lafayette-st-new-york/2038483,2038483,Honeybrains,227 ratings,Bowls,Retail,BLXR Throat Spray,$15.00,honeybrains-372-lafayette-st-new-york
https://www.grubhub.com/restaurant/honeybrains-372-lafayette-st-new-york/2038483,2038483,Honeybrains,227 ratings,Bowls,Retail,Skateboard,$50.00,honeybrains-372-lafayette-st-new-york
https://www.grubhub.com/restaurant/honeybrains-372-lafayette-st-new-york/2038483,2038483,Honeybrains,227 ratings,Bowls,Retail,10 Cent Bag,$0.10,honeybrains-372-lafayette-st-new-york
https://www.grubhub.com/restaurant/maydan-by-wonder-uws-2030-broadway-new-york/5787496,5787496,Maydan by Wonder (UWS),131 ratings,Mediterranean,Spreads & Salads,Hummus,$9.95,maydan-by-wonder-uws-2030-broadway-new-york
https://www.grubhub.com/restaurant/maydan-by-wonder-uws-2030-broadway-new-york/5787496,5787496,Maydan by Wonder (UWS),131 ratings,Mediterranean,Spreads & Salads,Baba Ghanoush,$8.95,maydan-by-wonder-uws-2030-broadway-new-york
https://www.grubhub.com/restaurant/maydan-by-wonder-uws-2030-broadway-new-york/5787496,5787496,Maydan by Wonder (UWS),131 ratings,Mediterranean,Spreads & Salads,Labneh,$9.95,maydan-by-wonder-uws-2030-broadway-new-york
https://www.grubhub.com/restaurant/maydan-by-wonder-uws-2030-broadway-new-york/5787496,5787496,Maydan by Wonder (UWS),131 ratings,Mediterranean,Spreads & Salads,Muhammara,$9.95,maydan-by-wonder-uws-2030-broadway-new-york
https://www.grubhub.com/restaurant/maydan-by-wonder-uws-2030-broadway-new-york/5787496,5787496,Maydan by Wonder (UWS),131 ratings,Mediterranean,Spreads & Salads,Best Seller,$12.00,maydan-by-wonder-uws-2030-broadway-new-york
https://www.grubhub.com/restaurant/maydan-by-wonder-uws-2030-broadway-new-york/5787496,5787496,Maydan by Wonder (UWS),131 ratings,Mediterranean,Spreads & Salads,Best Seller,$16.95,maydan-by-wonder-uws-2030-broadway-new-york
https://www.grubhub.com/restaurant/maydan-by-wonder-uws-2030-broadway-new-york/5787496,5787496,Maydan by Wonder (UWS),131 ratings,Mediterranean,Mains,Best Seller,$17.00,maydan-by-wonder-uws-2030-broadway-new-york
https://www.grubhub.com/restaurant/maydan-by-wonder-uws-2030-broadway-new-york/5787496,5787496,Maydan by Wonder (UWS),131 ratings,Mediterranean,Mains,Beef Kebab,$22.00,maydan-by-wonder-uws-2030-broadway-new-york
https://www.grubhub.com/restaurant/maydan-by-wonder-uws-2030-broadway-new-york/5787496,5787496,Maydan by Wonder (UWS),131 ratings,Mediterranean,Mains,Omani Shrimp,$19.00,maydan-by-wonder-uws-2030-broadway-new-york
https://www.grubhub.com/restaurant/maydan-by-wonder-uws-2030-broadway-new-york/5787496,5787496,Maydan by Wonder (UWS),131 ratings,Mediterranean,Shawarmas,Vegetable Shawarma,$16.00,maydan-by-wonder-uws-2030-broadway-new-york
https://www.grubhub.com/restaurant/maydan-by-wonder-uws-2030-broadway-new-york/5787496,5787496,Maydan by Wonder (UWS),131 ratings,Mediterranean,Sides,Brussels Sprouts,$10.00,maydan-by-wonder-uws-2030-broadway-new-york
https://www.grubhub.com/restaurant/maydan-by-wonder-uws-2030-broadway-new-york/5787496,5787496,Maydan by Wonder (UWS),131 ratings,Mediterranean,Sides,Sauce Trio,$3.00,maydan-by-wonder-uws-2030-broadway-new-york
https://www.grubhub.com/restaurant/maydan-by-wonder-uws-2030-broadway-new-york/5787496,5787496,Maydan by Wonder (UWS),131 ratings,Mediterranean,Kids,Chicken Tenders,$6.00,maydan-by-wonder-uws-2030-broadway-new-york
https://www.grubhub.com/restaurant/maydan-by-wonder-uws-2030-broadway-new-york/5787496,5787496,Maydan by Wonder (UWS),131 ratings,Mediterranean,Kids,Mac & Cheese,$6.00,maydan-by-wonder-uws-2030-broadway-new-york
https://www.grubhub.com/restaurant/maydan-by-wonder-uws-2030-broadway-new-york/5787496,5787496,Maydan by Wonder (UWS),131 ratings,Mediterranean,Desserts,Hungry Gnome Sea Salt Chocolate Chip Cookie,$4.50,maydan-by-wonder-uws-2030-broadway-new-york
https://www.grubhub.com/restaurant/maydan-by-wonder-uws-2030-broadway-new-york/5787496,5787496,Maydan by Wonder (UWS),131 ratings,Mediterranean,Desserts,Hungry Gnome Dark & White Chocolate Toffee Cookie,$4.50,maydan-by-wonder-uws-2030-broadway-new-york
https://www.grubhub.com/restaurant/maydan-by-wonder-uws-2030-broadway-new-york/5787496,5787496,Maydan by Wonder (UWS),131 ratings,Mediterranean,Desserts,Chocolatier Killer Brownie,$4.00,maydan-by-wonder-uws-2030-broadway-new-york
https://www.grubhub.com/restaurant/maydan-by-wonder-uws-2030-broadway-new-york/5787496,5787496,Maydan by Wonder (UWS),131 ratings,Mediterranean,Desserts,Peanut Butter Killer Brownie,$6.00,maydan-by-wonder-uws-2030-broadway-new-york
https://www.grubhub.com/restaurant/maydan-by-wonder-uws-2030-broadway-new-york/5787496,5787496,Maydan by Wonder (UWS),131 ratings,Mediterranean,Desserts,Dana's Bakery Brown Butter Krisp Bar,$7.00,maydan-by-wonder-uws-2030-broadway-new-york
https://www.grubhub.com/restaurant/maydan-by-wonder-uws-2030-broadway-new-york/5787496,5787496,Maydan by Wonder (UWS),131 ratings,Mediterranean,Desserts,Dana's Bakery Cookies & Creme Krisp Bar,$7.00,maydan-by-wonder-uws-2030-broadway-new-york
https://www.grubhub.com/restaurant/maydan-by-wonder-uws-2030-broadway-new-york/5787496,5787496,Maydan by Wonder (UWS),131 ratings,Mediterranean,Desserts,Magnolia Bakery Cupcake Duo,$8.75,maydan-by-wonder-uws-2030-broadway-new-york
https://www.grubhub.com/restaurant/maydan-by-wonder-uws-2030-broadway-new-york/5787496,5787496,Maydan by Wonder (UWS),131 ratings,Mediterranean,Desserts,Dick Taylor Fleur de Sel Dark Chocolate,$8.00,maydan-by-wonder-uws-2030-broadway-new-york
https://www.grubhub.com/restaurant/maydan-by-wonder-uws-2030-broadway-new-york/5787496,5787496,Maydan by Wonder (UWS),131 ratings,Mediterranean,Beverages,Harney & Sons Lemonade,$3.50,maydan-by-wonder-uws-2030-broadway-new-york
https://www.grubhub.com/restaurant/maydan-by-wonder-uws-2030-broadway-new-york/5787496,5787496,Maydan by Wonder (UWS),131 ratings,Mediterranean,Beverages,Harney & Sons Organic Black Iced Tea,$3.50,maydan-by-wonder-uws-2030-broadway-new-york
https://www.grubhub.com/restaurant/maydan-by-wonder-uws-2030-broadway-new-york/5787496,5787496,Maydan by Wonder (UWS),131 ratings,Mediterranean,Beverages,Spindrift Lemon,$3.00,maydan-by-wonder-uws-2030-broadway-new-york
https://www.grubhub.com/restaurant/maydan-by-wonder-uws-2030-broadway-new-york/5787496,5787496,Maydan by Wonder (UWS),131 ratings,Mediterranean,Beverages,Spindrift Grapefruit,$3.00,maydan-by-wonder-uws-2030-broadway-new-york
https://www.grubhub.com/restaurant/maydan-by-wonder-uws-2030-broadway-new-york/5787496,5787496,Maydan by Wonder (UWS),131 ratings,Mediterranean,Beverages,Sanpellegrino Aranciata,$3.50,maydan-by-wonder-uws-2030-broadway-new-york
https://www.grubhub.com/restaurant/maydan-by-wonder-uws-2030-broadway-new-york/5787496,5787496,Maydan by Wonder (UWS),131 ratings,Mediterranean,Beverages,Poppi Root Beer,$3.50,maydan-by-wonder-uws-2030-broadway-new-york
https://www.grubhub.com/restaurant/maydan-by-wonder-uws-2030-broadway-new-york/5787496,5787496,Maydan by Wonder (UWS),131 ratings,Mediterranean,Beverages,Poppi Strawberry Lemon,$3.50,maydan-by-wonder-uws-2030-broadway-new-york
https://www.grubhub.com/restaurant/maydan-by-wonder-uws-2030-broadway-new-york/5787496,5787496,Maydan by Wonder (UWS),131 ratings,Mediterranean,Beverages,Diet Coke,$2.00,maydan-by-wonder-uws-2030-broadway-new-york
https://www.grubhub.com/restaurant/eat-street-nyc-887-5th-avenue-brooklyn/6620528,6620528,Eat Street NYC,93 ratings,Dinner,Quick Bites,Jerk Chicken Empanadas,$8.50,eat-street-nyc-887-5th-avenue-brooklyn
https://www.grubhub.com/restaurant/eat-street-nyc-887-5th-avenue-brooklyn/6620528,6620528,Eat Street NYC,93 ratings,Dinner,Quick Bites,Chopped Cheese Empanadas,$9.00,eat-street-nyc-887-5th-avenue-brooklyn
https://www.grubhub.com/restaurant/eat-street-nyc-887-5th-avenue-brooklyn/6620528,6620528,Eat Street NYC,93 ratings,Dinner,Quick Bites,BBQ Pork Empanadas,$8.50,eat-street-nyc-887-5th-avenue-brooklyn
https://www.grubhub.com/restaurant/eat-street-nyc-887-5th-avenue-brooklyn/6620528,6620528,Eat Street NYC,93 ratings,Dinner,Quick Bites,Mushroom Empanadas,$8.50,eat-street-nyc-887-5th-avenue-brooklyn
https://www.grubhub.com/restaurant/eat-street-nyc-887-5th-avenue-brooklyn/6620528,6620528,Eat Street NYC,93 ratings,Dinner,Quick Bites,Cuban Empanadas,$8.50,eat-street-nyc-887-5th-avenue-brooklyn
https://www.grubhub.com/restaurant/eat-street-nyc-887-5th-avenue-brooklyn/6620528,6620528,Eat Street NYC,93 ratings,Dinner,Quick Bites,Classic Fries,$7.00,eat-street-nyc-887-5th-avenue-brooklyn
https://www.grubhub.com/restaurant/eat-street-nyc-887-5th-avenue-brooklyn/6620528,6620528,Eat Street NYC,93 ratings,Dinner,Quick Bites,Sweet Potato Fries,$7.00,eat-street-nyc-887-5th-avenue-brooklyn
https://www.grubhub.com/restaurant/eat-street-nyc-887-5th-avenue-brooklyn/6620528,6620528,Eat Street NYC,93 ratings,Dinner,Quick Bites,Truffle fries,$9.00,eat-street-nyc-887-5th-avenue-brooklyn
https://www.grubhub.com/restaurant/eat-street-nyc-887-5th-avenue-brooklyn/6620528,6620528,Eat Street NYC,93 ratings,Dinner,Quick Bites,Eat Street NYC Sunny Fries,$12.00,eat-street-nyc-887-5th-avenue-brooklyn
https://www.grubhub.com/restaurant/eat-street-nyc-887-5th-avenue-brooklyn/6620528,6620528,Eat Street NYC,93 ratings,Dinner,Quick Bites,Jerk Chicken Rasta Pasta,$14.00,eat-street-nyc-887-5th-avenue-brooklyn
https://www.grubhub.com/restaurant/eat-street-nyc-887-5th-avenue-brooklyn/6620528,6620528,Eat Street NYC,93 ratings,Dinner,Quick Bites,Avocado Smash Open Toast,$10.00,eat-street-nyc-887-5th-avenue-brooklyn
https://www.grubhub.com/restaurant/eat-street-nyc-887-5th-avenue-brooklyn/6620528,6620528,Eat Street NYC,93 ratings,Dinner,Quick Bites,Burrata Open Toast,$10.00,eat-street-nyc-887-5th-avenue-brooklyn
https://www.grubhub.com/restaurant/eat-street-nyc-887-5th-avenue-brooklyn/6620528,6620528,Eat Street NYC,93 ratings,Dinner,Quick Bites,Bacon Jam Soft Scramble,$10.00,eat-street-nyc-887-5th-avenue-brooklyn
https://www.grubhub.com/restaurant/eat-street-nyc-887-5th-avenue-brooklyn/6620528,6620528,Eat Street NYC,93 ratings,Dinner,Quick Bites,Eat Street NYC Smash Burger,$7.80+,eat-street-nyc-887-5th-avenue-brooklyn
https://www.grubhub.com/restaurant/eat-street-nyc-887-5th-avenue-brooklyn/6620528,6620528,Eat Street NYC,93 ratings,Dinner,Quick Bites,Eat Street BBQ pork,$9.00,eat-street-nyc-887-5th-avenue-brooklyn
https://www.grubhub.com/restaurant/eat-street-nyc-887-5th-avenue-brooklyn/6620528,6620528,Eat Street NYC,93 ratings,Dinner,Boujee Sandwiches + Wraps,No Meat All Heat Sandwich,$16.00,eat-street-nyc-887-5th-avenue-brooklyn
https://www.grubhub.com/restaurant/eat-street-nyc-887-5th-avenue-brooklyn/6620528,6620528,Eat Street NYC,93 ratings,Dinner,Boujee Sandwiches + Wraps,Classic Chicken Cutlet Sandwich,$18.00,eat-street-nyc-887-5th-avenue-brooklyn
https://www.grubhub.com/restaurant/eat-street-nyc-887-5th-avenue-brooklyn/6620528,6620528,Eat Street NYC,93 ratings,Dinner,Boujee Sandwiches + Wraps,Eat Street Chicken Cutlet Sandwich,$18.00,eat-street-nyc-887-5th-avenue-brooklyn
https://www.grubhub.com/restaurant/eat-street-nyc-887-5th-avenue-brooklyn/6620528,6620528,Eat Street NYC,93 ratings,Dinner,Boujee Sandwiches + Wraps,Eat Street Chicken Club,$18.00,eat-street-nyc-887-5th-avenue-brooklyn
https://www.grubhub.com/restaurant/eat-street-nyc-887-5th-avenue-brooklyn/6620528,6620528,Eat Street NYC,93 ratings,Dinner,Boujee Sandwiches + Wraps,Italiano Special,$10.00+,eat-street-nyc-887-5th-avenue-brooklyn
https://www.grubhub.com/restaurant/eat-street-nyc-887-5th-avenue-brooklyn/6620528,6620528,Eat Street NYC,93 ratings,Dinner,Boujee Sandwiches + Wraps,El Chappo,$14.00,eat-street-nyc-887-5th-avenue-brooklyn
https://www.grubhub.com/restaurant/eat-street-nyc-887-5th-avenue-brooklyn/6620528,6620528,Eat Street NYC,93 ratings,Dinner,Boujee Sandwiches + Wraps,Firenzi,$10.00+,eat-street-nyc-887-5th-avenue-brooklyn
https://www.grubhub.com/restaurant/eat-street-nyc-887-5th-avenue-brooklyn/6620528,6620528,Eat Street NYC,93 ratings,Dinner,Boujee Sandwiches + Wraps,Classic Crispy BLT,$9.00+,eat-street-nyc-887-5th-avenue-brooklyn
https://www.grubhub.com/restaurant/eat-street-nyc-887-5th-avenue-brooklyn/6620528,6620528,Eat Street NYC,93 ratings,Dinner,Boujee Sandwiches + Wraps,Americano Sandwich,$9.00+,eat-street-nyc-887-5th-avenue-brooklyn
https://www.grubhub.com/restaurant/eat-street-nyc-887-5th-avenue-brooklyn/6620528,6620528,Eat Street NYC,93 ratings,Dinner,Boujee Sandwiches + Wraps,Eat Street BLT,$9.00+,eat-street-nyc-887-5th-avenue-brooklyn
https://www.grubhub.com/restaurant/eat-street-nyc-887-5th-avenue-brooklyn/6620528,6620528,Eat Street NYC,93 ratings,Dinner,Boujee Sandwiches + Wraps,Sweet Honey Sopps,$9.00+,eat-street-nyc-887-5th-avenue-brooklyn
https://www.grubhub.com/restaurant/eat-street-nyc-887-5th-avenue-brooklyn/6620528,6620528,Eat Street NYC,93 ratings,Dinner,Boujee Sandwiches + Wraps,Chicken Parm Pleaser Sandwich,$17.00,eat-street-nyc-887-5th-avenue-brooklyn
https://www.grubhub.com/restaurant/eat-street-nyc-887-5th-avenue-brooklyn/6620528,6620528,Eat Street NYC,93 ratings,Dinner,Boujee Sandwiches + Wraps,Turkey & Swizz,$9.00+,eat-street-nyc-887-5th-avenue-brooklyn
https://www.grubhub.com/restaurant/eat-street-nyc-887-5th-avenue-brooklyn/6620528,6620528,Eat Street NYC,93 ratings,Dinner,Boujee Sandwiches + Wraps,Hamming and Jammin Sandwich,$18.00,eat-street-nyc-887-5th-avenue-brooklyn
https://www.grubhub.com/restaurant/eat-street-nyc-887-5th-avenue-brooklyn/6620528,6620528,Eat Street NYC,93 ratings,Dinner,Boujee Sandwiches + Wraps,Truffaly Mort Sandwich,$17.00,eat-street-nyc-887-5th-avenue-brooklyn
https://www.grubhub.com/restaurant/eat-street-nyc-887-5th-avenue-brooklyn/6620528,6620528,Eat Street NYC,93 ratings,Dinner,Boujee Sandwiches + Wraps,Turkey Pesto Sandwich,$12.00,eat-street-nyc-887-5th-avenue-brooklyn
https://www.grubhub.com/restaurant/eat-street-nyc-887-5th-avenue-brooklyn/6620528,6620528,Eat Street NYC,93 ratings,Dinner,Boujee Sandwiches + Wraps,Cripsy Tuna Sandwich,$11.00,eat-street-nyc-887-5th-avenue-brooklyn
https://www.grubhub.com/restaurant/eat-street-nyc-887-5th-avenue-brooklyn/6620528,6620528,Eat Street NYC,93 ratings,Dinner,Boujee Sandwiches + Wraps,All Actions,$9.00+,eat-street-nyc-887-5th-avenue-brooklyn
https://www.grubhub.com/restaurant/eat-street-nyc-887-5th-avenue-brooklyn/6620528,6620528,Eat Street NYC,93 ratings,Dinner,Boujee Sandwiches + Wraps,All Action No Bronson Sandwich,$17.00,eat-street-nyc-887-5th-avenue-brooklyn
https://www.grubhub.com/restaurant/eat-street-nyc-887-5th-avenue-brooklyn/6620528,6620528,Eat Street NYC,93 ratings,Dinner,Boujee Sandwiches + Wraps,Chicken Little,$10.00+,eat-street-nyc-887-5th-avenue-brooklyn
https://www.grubhub.com/restaurant/eat-street-nyc-887-5th-avenue-brooklyn/6620528,6620528,Eat Street NYC,93 ratings,Dinner,Boujee Sandwiches + Wraps,Sunset Grillin,$10.00+,eat-street-nyc-887-5th-avenue-brooklyn
https://www.grubhub.com/restaurant/eat-street-nyc-887-5th-avenue-brooklyn/6620528,6620528,Eat Street NYC,93 ratings,Dinner,Boujee Sandwiches + Wraps,Shrimp Parm,$14.00+,eat-street-nyc-887-5th-avenue-brooklyn
https://www.grubhub.com/restaurant/eat-street-nyc-887-5th-avenue-brooklyn/6620528,6620528,Eat Street NYC,93 ratings,Dinner,Boujee Sandwiches + Wraps,The Best Eggplant Parm,$8.00+,eat-street-nyc-887-5th-avenue-brooklyn
https://www.grubhub.com/restaurant/eat-street-nyc-887-5th-avenue-brooklyn/6620528,6620528,Eat Street NYC,93 ratings,Dinner,Boujee Sandwiches + Wraps,Chicken Parm,$9.00+,eat-street-nyc-887-5th-avenue-brooklyn
https://www.grubhub.com/restaurant/eat-street-nyc-887-5th-avenue-brooklyn/6620528,6620528,Eat Street NYC,93 ratings,Dinner,Soups + Salads,Mama's Chicken Noodle Soup,$8.00+,eat-street-nyc-887-5th-avenue-brooklyn
https://www.grubhub.com/restaurant/eat-street-nyc-887-5th-avenue-brooklyn/6620528,6620528,Eat Street NYC,93 ratings,Dinner,Soups + Salads,Split Pea Soup,$8.00+,eat-street-nyc-887-5th-avenue-brooklyn
https://www.grubhub.com/restaurant/eat-street-nyc-887-5th-avenue-brooklyn/6620528,6620528,Eat Street NYC,93 ratings,Dinner,Soups + Salads,Roasted Tomato Soup + Grilled Cheese,$13.00+,eat-street-nyc-887-5th-avenue-brooklyn
https://www.grubhub.com/restaurant/eat-street-nyc-887-5th-avenue-brooklyn/6620528,6620528,Eat Street NYC,93 ratings,Dinner,Soups + Salads,Sunset Park Fiesta Salad,$15.00,eat-street-nyc-887-5th-avenue-brooklyn
https://www.grubhub.com/restaurant/eat-street-nyc-887-5th-avenue-brooklyn/6620528,6620528,Eat Street NYC,93 ratings,Dinner,Soups + Salads,Chopped Italian Salad,$17.00,eat-street-nyc-887-5th-avenue-brooklyn
https://www.grubhub.com/restaurant/eat-street-nyc-887-5th-avenue-brooklyn/6620528,6620528,Eat Street NYC,93 ratings,Dinner,Soups + Salads,Brooklyn Waldorf Salad,$17.00,eat-street-nyc-887-5th-avenue-brooklyn
https://www.grubhub.com/restaurant/eat-street-nyc-887-5th-avenue-brooklyn/6620528,6620528,Eat Street NYC,93 ratings,Dinner,Soups + Salads,Hot Girl Summer Salad,$15.00,eat-street-nyc-887-5th-avenue-brooklyn
https://www.grubhub.com/restaurant/eat-street-nyc-887-5th-avenue-brooklyn/6620528,6620528,Eat Street NYC,93 ratings,Dinner,Soups + Salads,Classic Caesar Salad,$14.00,eat-street-nyc-887-5th-avenue-brooklyn
https://www.grubhub.com/restaurant/eat-street-nyc-887-5th-avenue-brooklyn/6620528,6620528,Eat Street NYC,93 ratings,Dinner,Soups + Salads,Frio Chica Salad,$15.00,eat-street-nyc-887-5th-avenue-brooklyn
https://www.grubhub.com/restaurant/eat-street-nyc-887-5th-avenue-brooklyn/6620528,6620528,Eat Street NYC,93 ratings,Dinner,Soups + Salads,Create Your Own Salad,$14.00,eat-street-nyc-887-5th-avenue-brooklyn
https://www.grubhub.com/restaurant/eat-street-nyc-887-5th-avenue-brooklyn/6620528,6620528,Eat Street NYC,93 ratings,Dinner,Soups + Salads,Half a Sandwich and Soup,$16.00,eat-street-nyc-887-5th-avenue-brooklyn
https://www.grubhub.com/restaurant/eat-street-nyc-887-5th-avenue-brooklyn/6620528,6620528,Eat Street NYC,93 ratings,Dinner,Soups + Salads,Half Sandwich and Salad,$16.00,eat-street-nyc-887-5th-avenue-brooklyn
https://www.grubhub.com/restaurant/eat-street-nyc-887-5th-avenue-brooklyn/6620528,6620528,Eat Street NYC,93 ratings,Dinner,Soups + Salads,Salad and Soup,$14.00,eat-street-nyc-887-5th-avenue-brooklyn
https://www.grubhub.com/restaurant/eat-street-nyc-887-5th-avenue-brooklyn/6620528,6620528,Eat Street NYC,93 ratings,Dinner,Baked Goodies,Eat St. Cookie House,$3.00+,eat-street-nyc-887-5th-avenue-brooklyn
https://www.grubhub.com/restaurant/eat-street-nyc-887-5th-avenue-brooklyn/6620528,6620528,Eat Street NYC,93 ratings,Dinner,Baked Goodies,Chocolate chocolate chunk,$5.00+,eat-street-nyc-887-5th-avenue-brooklyn
https://www.grubhub.com/restaurant/eat-street-nyc-887-5th-avenue-brooklyn/6620528,6620528,Eat Street NYC,93 ratings,Dinner,Baked Goodies,Plain Croissant,$3.00,eat-street-nyc-887-5th-avenue-brooklyn
https://www.grubhub.com/restaurant/eat-street-nyc-887-5th-avenue-brooklyn/6620528,6620528,Eat Street NYC,93 ratings,Dinner,Baked Goodies,Donuts,$2.50,eat-street-nyc-887-5th-avenue-brooklyn
https://www.grubhub.com/restaurant/eat-street-nyc-887-5th-avenue-brooklyn/6620528,6620528,Eat Street NYC,93 ratings,Dinner,Liquids,Coke,$2.00,eat-street-nyc-887-5th-avenue-brooklyn
https://www.grubhub.com/restaurant/eat-street-nyc-887-5th-avenue-brooklyn/6620528,6620528,Eat Street NYC,93 ratings,Dinner,Liquids,Sprite,$2.00,eat-street-nyc-887-5th-avenue-brooklyn
https://www.grubhub.com/restaurant/eat-street-nyc-887-5th-avenue-brooklyn/6620528,6620528,Eat Street NYC,93 ratings,Dinner,Liquids,Ginger ale,$2.00,eat-street-nyc-887-5th-avenue-brooklyn
https://www.grubhub.com/restaurant/eat-street-nyc-887-5th-avenue-brooklyn/6620528,6620528,Eat Street NYC,93 ratings,Dinner,Liquids,Bottled Water,$2.00,eat-street-nyc-887-5th-avenue-brooklyn
https://www.grubhub.com/restaurant/eat-street-nyc-887-5th-avenue-brooklyn/6620528,6620528,Eat Street NYC,93 ratings,Dinner,Liquids,Lime sparkling water,$2.00,eat-street-nyc-887-5th-avenue-brooklyn
https://www.grubhub.com/restaurant/eat-street-nyc-887-5th-avenue-brooklyn/6620528,6620528,Eat Street NYC,93 ratings,Dinner,Liquids,Lemon sparkling water,$2.00,eat-street-nyc-887-5th-avenue-brooklyn
https://www.grubhub.com/restaurant/eat-street-nyc-887-5th-avenue-brooklyn/6620528,6620528,Eat Street NYC,93 ratings,Dinner,Liquids,Grapefruit sparkling water,$2.00,eat-street-nyc-887-5th-avenue-brooklyn
https://www.grubhub.com/restaurant/eat-street-nyc-887-5th-avenue-brooklyn/6620528,6620528,Eat Street NYC,93 ratings,Dinner,Liquids,Pink Lemonade seltzer,$2.00,eat-street-nyc-887-5th-avenue-brooklyn
https://www.grubhub.com/restaurant/eat-street-nyc-887-5th-avenue-brooklyn/6620528,6620528,Eat Street NYC,93 ratings,Dinner,Liquids,Drip Coffee,$3.00+,eat-street-nyc-887-5th-avenue-brooklyn
https://www.grubhub.com/restaurant/eat-street-nyc-887-5th-avenue-brooklyn/6620528,6620528,Eat Street NYC,93 ratings,Dinner,Liquids,Iced Coffee,$3.50+,eat-street-nyc-887-5th-avenue-brooklyn
https://www.grubhub.com/restaurant/eat-street-nyc-887-5th-avenue-brooklyn/6620528,6620528,Eat Street NYC,93 ratings,Dinner,Liquids,Espresso,$3.50,eat-street-nyc-887-5th-avenue-brooklyn
https://www.grubhub.com/restaurant/eat-street-nyc-887-5th-avenue-brooklyn/6620528,6620528,Eat Street NYC,93 ratings,Dinner,Liquids,Double Espresso,$5.00,eat-street-nyc-887-5th-avenue-brooklyn
https://www.grubhub.com/restaurant/eat-street-nyc-887-5th-avenue-brooklyn/6620528,6620528,Eat Street NYC,93 ratings,Dinner,Liquids,Cappuccino,$5.00,eat-street-nyc-887-5th-avenue-brooklyn
https://www.grubhub.com/restaurant/eat-street-nyc-887-5th-avenue-brooklyn/6620528,6620528,Eat Street NYC,93 ratings,Dinner,Liquids,Latte,$5.50,eat-street-nyc-887-5th-avenue-brooklyn
https://www.grubhub.com/restaurant/eat-street-nyc-887-5th-avenue-brooklyn/6620528,6620528,Eat Street NYC,93 ratings,Dinner,Liquids,Cortado,$4.00,eat-street-nyc-887-5th-avenue-brooklyn
https://www.grubhub.com/restaurant/eat-street-nyc-887-5th-avenue-brooklyn/6620528,6620528,Eat Street NYC,93 ratings,Dinner,Liquids,Iced Latte,$5.50,eat-street-nyc-887-5th-avenue-brooklyn
https://www.grubhub.com/restaurant/eat-street-nyc-887-5th-avenue-brooklyn/6620528,6620528,Eat Street NYC,93 ratings,Dinner,Liquids,Surprise Latte of the Day .. PEPPERMINT,$6.00,eat-street-nyc-887-5th-avenue-brooklyn
https://www.grubhub.com/restaurant/eat-street-nyc-887-5th-avenue-brooklyn/6620528,6620528,Eat Street NYC,93 ratings,Dinner,Liquids,Tea,$4.00,eat-street-nyc-887-5th-avenue-brooklyn
https://www.grubhub.com/restaurant/eat-street-nyc-887-5th-avenue-brooklyn/6620528,6620528,Eat Street NYC,93 ratings,Dinner,Liquids,Americano Coffee,$4.00,eat-street-nyc-887-5th-avenue-brooklyn
https://www.grubhub.com/restaurant/eat-street-nyc-887-5th-avenue-brooklyn/6620528,6620528,Eat Street NYC,93 ratings,Dinner,Liquids,Homemade Hot Cocoa,$5.00,eat-street-nyc-887-5th-avenue-brooklyn
https://www.grubhub.com/restaurant/eat-street-nyc-887-5th-avenue-brooklyn/6620528,6620528,Eat Street NYC,93 ratings,Dinner,Liquids,The Beat Up fresh squeeze juice,$8.00+,eat-street-nyc-887-5th-avenue-brooklyn
https://www.grubhub.com/restaurant/eat-street-nyc-887-5th-avenue-brooklyn/6620528,6620528,Eat Street NYC,93 ratings,Dinner,Liquids,Green Machine fresh squeeze juice,$8.00+,eat-street-nyc-887-5th-avenue-brooklyn
https://www.grubhub.com/restaurant/eat-street-nyc-887-5th-avenue-brooklyn/6620528,6620528,Eat Street NYC,93 ratings,Dinner,Liquids,Do The Dew fresh squeeze juice,$8.00+,eat-street-nyc-887-5th-avenue-brooklyn
https://www.grubhub.com/restaurant/eat-street-nyc-887-5th-avenue-brooklyn/6620528,6620528,Eat Street NYC,93 ratings,Dinner,Liquids,Nutrition T- Pot fresh squeeze juice,$8.00+,eat-street-nyc-887-5th-avenue-brooklyn
https://www.grubhub.com/restaurant/eat-street-nyc-887-5th-avenue-brooklyn/6620528,6620528,Eat Street NYC,93 ratings,Dinner,Liquids,Jus' Juice fresh squeeze juice,$8.00+,eat-street-nyc-887-5th-avenue-brooklyn
https://www.grubhub.com/restaurant/aahar-indian-cuisine-10-murray-st-new-york/333939,333939,Aahar Indian Cuisine,3925 ratings,Indian,Delivery Special,Best Seller,$20.95+,aahar-indian-cuisine-10-murray-st-new-york
https://www.grubhub.com/restaurant/aahar-indian-cuisine-10-murray-st-new-york/333939,333939,Aahar Indian Cuisine,3925 ratings,Indian,Chicken Appetizers,Mulligatawny Soup,$8.95,aahar-indian-cuisine-10-murray-st-new-york
https://www.grubhub.com/restaurant/aahar-indian-cuisine-10-murray-st-new-york/333939,333939,Aahar Indian Cuisine,3925 ratings,Indian,Chicken Appetizers,Chicken Tikka ( App ),$12.95,aahar-indian-cuisine-10-murray-st-new-york
https://www.grubhub.com/restaurant/aahar-indian-cuisine-10-murray-st-new-york/333939,333939,Aahar Indian Cuisine,3925 ratings,Indian,Chicken Appetizers,Chicken Samosa 2pcs,$10.95,aahar-indian-cuisine-10-murray-st-new-york
https://www.grubhub.com/restaurant/aahar-indian-cuisine-10-murray-st-new-york/333939,333939,Aahar Indian Cuisine,3925 ratings,Indian,Chicken Appetizers,Chicken Malai kabab,$12.95,aahar-indian-cuisine-10-murray-st-new-york
https://www.grubhub.com/restaurant/aahar-indian-cuisine-10-murray-st-new-york/333939,333939,Aahar Indian Cuisine,3925 ratings,Indian,Lamb Appetizers,Seekh Kebab,$13.95,aahar-indian-cuisine-10-murray-st-new-york
https://www.grubhub.com/restaurant/aahar-indian-cuisine-10-murray-st-new-york/333939,333939,Aahar Indian Cuisine,3925 ratings,Indian,Lamb Appetizers,Boti Kebab,$13.95,aahar-indian-cuisine-10-murray-st-new-york
https://www.grubhub.com/restaurant/aahar-indian-cuisine-10-murray-st-new-york/333939,333939,Aahar Indian Cuisine,3925 ratings,Indian,Seafood Appetizers,Tamdoori Shrimp,$14.95,aahar-indian-cuisine-10-murray-st-new-york
https://www.grubhub.com/restaurant/aahar-indian-cuisine-10-murray-st-new-york/333939,333939,Aahar Indian Cuisine,3925 ratings,Indian,Seafood Appetizers,Fish Tikka,$14.95,aahar-indian-cuisine-10-murray-st-new-york
https://www.grubhub.com/restaurant/aahar-indian-cuisine-10-murray-st-new-york/333939,333939,Aahar Indian Cuisine,3925 ratings,Indian,Vegetarian Appetizers,Veg Samosa 2 pcs,$8.95,aahar-indian-cuisine-10-murray-st-new-york
https://www.grubhub.com/restaurant/aahar-indian-cuisine-10-murray-st-new-york/333939,333939,Aahar Indian Cuisine,3925 ratings,Indian,Vegetarian Appetizers,Malai Tikki,$8.95,aahar-indian-cuisine-10-murray-st-new-york
https://www.grubhub.com/restaurant/aahar-indian-cuisine-10-murray-st-new-york/333939,333939,Aahar Indian Cuisine,3925 ratings,Indian,Vegetarian Appetizers,Tandoori Grilled Vegetables,$11.95,aahar-indian-cuisine-10-murray-st-new-york
https://www.grubhub.com/restaurant/aahar-indian-cuisine-10-murray-st-new-york/333939,333939,Aahar Indian Cuisine,3925 ratings,Indian,Vegetarian Appetizers,Paneer Tikka,$11.95,aahar-indian-cuisine-10-murray-st-new-york
https://www.grubhub.com/restaurant/aahar-indian-cuisine-10-murray-st-new-york/333939,333939,Aahar Indian Cuisine,3925 ratings,Indian,Vegetarian Appetizers,Onion bhajia's,$8.95,aahar-indian-cuisine-10-murray-st-new-york
https://www.grubhub.com/restaurant/aahar-indian-cuisine-10-murray-st-new-york/333939,333939,Aahar Indian Cuisine,3925 ratings,Indian,Chaat,Samosa Chaat,$10.95,aahar-indian-cuisine-10-murray-st-new-york
https://www.grubhub.com/restaurant/aahar-indian-cuisine-10-murray-st-new-york/333939,333939,Aahar Indian Cuisine,3925 ratings,Indian,Chaat,Papdi Chaat,$10.95,aahar-indian-cuisine-10-murray-st-new-york
https://www.grubhub.com/restaurant/aahar-indian-cuisine-10-murray-st-new-york/333939,333939,Aahar Indian Cuisine,3925 ratings,Indian,Chaat,Bhel Puri Chaat,$10.95,aahar-indian-cuisine-10-murray-st-new-york
https://www.grubhub.com/restaurant/aahar-indian-cuisine-10-murray-st-new-york/333939,333939,Aahar Indian Cuisine,3925 ratings,Indian,Chicken Entrees,Tandoori Chicken,$22.95,aahar-indian-cuisine-10-murray-st-new-york
https://www.grubhub.com/restaurant/aahar-indian-cuisine-10-murray-st-new-york/333939,333939,Aahar Indian Cuisine,3925 ratings,Indian,Chicken Entrees,Chicken Tikka Masala,$18.95,aahar-indian-cuisine-10-murray-st-new-york
https://www.grubhub.com/restaurant/aahar-indian-cuisine-10-murray-st-new-york/333939,333939,Aahar Indian Cuisine,3925 ratings,Indian,Chicken Entrees,Chicken Korma,$18.95,aahar-indian-cuisine-10-murray-st-new-york
https://www.grubhub.com/restaurant/aahar-indian-cuisine-10-murray-st-new-york/333939,333939,Aahar Indian Cuisine,3925 ratings,Indian,Chicken Entrees,Chicken Chetinad,$18.95,aahar-indian-cuisine-10-murray-st-new-york
https://www.grubhub.com/restaurant/aahar-indian-cuisine-10-murray-st-new-york/333939,333939,Aahar Indian Cuisine,3925 ratings,Indian,Chicken Entrees,Chicken Caldin,$18.95,aahar-indian-cuisine-10-murray-st-new-york
https://www.grubhub.com/restaurant/aahar-indian-cuisine-10-murray-st-new-york/333939,333939,Aahar Indian Cuisine,3925 ratings,Indian,Chicken Entrees,Chicken Vindaloo,$18.95,aahar-indian-cuisine-10-murray-st-new-york
https://www.grubhub.com/restaurant/aahar-indian-cuisine-10-murray-st-new-york/333939,333939,Aahar Indian Cuisine,3925 ratings,Indian,Chicken Entrees,Chicken Saag,$18.95,aahar-indian-cuisine-10-murray-st-new-york
https://www.grubhub.com/restaurant/aahar-indian-cuisine-10-murray-st-new-york/333939,333939,Aahar Indian Cuisine,3925 ratings,Indian,Lamb Entrees,Tandoori Lamb Chops,$29.95,aahar-indian-cuisine-10-murray-st-new-york
https://www.grubhub.com/restaurant/aahar-indian-cuisine-10-murray-st-new-york/333939,333939,Aahar Indian Cuisine,3925 ratings,Indian,Lamb Entrees,Lamb Vindaloo,$19.95,aahar-indian-cuisine-10-murray-st-new-york
https://www.grubhub.com/restaurant/aahar-indian-cuisine-10-murray-st-new-york/333939,333939,Aahar Indian Cuisine,3925 ratings,Indian,Lamb Entrees,Lamb Saag,$19.95,aahar-indian-cuisine-10-murray-st-new-york
https://www.grubhub.com/restaurant/aahar-indian-cuisine-10-murray-st-new-york/333939,333939,Aahar Indian Cuisine,3925 ratings,Indian,Lamb Entrees,Lamb Korma,$19.95,aahar-indian-cuisine-10-murray-st-new-york
https://www.grubhub.com/restaurant/aahar-indian-cuisine-10-murray-st-new-york/333939,333939,Aahar Indian Cuisine,3925 ratings,Indian,Lamb Entrees,Lamb Pepper fry,$19.95,aahar-indian-cuisine-10-murray-st-new-york
https://www.grubhub.com/restaurant/aahar-indian-cuisine-10-murray-st-new-york/333939,333939,Aahar Indian Cuisine,3925 ratings,Indian,Lamb Entrees,Lamb Chettinadu,$19.95,aahar-indian-cuisine-10-murray-st-new-york
https://www.grubhub.com/restaurant/aahar-indian-cuisine-10-murray-st-new-york/333939,333939,Aahar Indian Cuisine,3925 ratings,Indian,Seafood Entrees,Tandoori Salmon Tikka,$23.95,aahar-indian-cuisine-10-murray-st-new-york
https://www.grubhub.com/restaurant/aahar-indian-cuisine-10-murray-st-new-york/333939,333939,Aahar Indian Cuisine,3925 ratings,Indian,Seafood Entrees,Goan Fish Curry,$23.95,aahar-indian-cuisine-10-murray-st-new-york
https://www.grubhub.com/restaurant/aahar-indian-cuisine-10-murray-st-new-york/333939,333939,Aahar Indian Cuisine,3925 ratings,Indian,Seafood Entrees,Goan Shrimp Curry,$23.95,aahar-indian-cuisine-10-murray-st-new-york
https://www.grubhub.com/restaurant/aahar-indian-cuisine-10-murray-st-new-york/333939,333939,Aahar Indian Cuisine,3925 ratings,Indian,Seafood Entrees,Shrimp Chettinadu,$23.95,aahar-indian-cuisine-10-murray-st-new-york
https://www.grubhub.com/restaurant/aahar-indian-cuisine-10-murray-st-new-york/333939,333939,Aahar Indian Cuisine,3925 ratings,Indian,Seafood Entrees,Shrimp Vindaloo,$23.95,aahar-indian-cuisine-10-murray-st-new-york
https://www.grubhub.com/restaurant/aahar-indian-cuisine-10-murray-st-new-york/333939,333939,Aahar Indian Cuisine,3925 ratings,Indian,Seafood Entrees,Shrimp Saag,$23.95,aahar-indian-cuisine-10-murray-st-new-york
https://www.grubhub.com/restaurant/aahar-indian-cuisine-10-murray-st-new-york/333939,333939,Aahar Indian Cuisine,3925 ratings,Indian,Seafood Entrees,Fish Chettinadu,$23.95,aahar-indian-cuisine-10-murray-st-new-york
https://www.grubhub.com/restaurant/aahar-indian-cuisine-10-murray-st-new-york/333939,333939,Aahar Indian Cuisine,3925 ratings,Indian,Seafood Entrees,Fish Vindaloo,$23.95,aahar-indian-cuisine-10-murray-st-new-york
https://www.grubhub.com/restaurant/aahar-indian-cuisine-10-murray-st-new-york/333939,333939,Aahar Indian Cuisine,3925 ratings,Indian,Seafood Entrees,Fish Saag,$23.95,aahar-indian-cuisine-10-murray-st-new-york
https://www.grubhub.com/restaurant/aahar-indian-cuisine-10-murray-st-new-york/333939,333939,Aahar Indian Cuisine,3925 ratings,Indian,Vegetable Entrees,Vegetable Korma,$17.95,aahar-indian-cuisine-10-murray-st-new-york
https://www.grubhub.com/restaurant/aahar-indian-cuisine-10-murray-st-new-york/333939,333939,Aahar Indian Cuisine,3925 ratings,Indian,Vegetable Entrees,Aloo Gobi Matar,$17.95,aahar-indian-cuisine-10-murray-st-new-york
https://www.grubhub.com/restaurant/aahar-indian-cuisine-10-murray-st-new-york/333939,333939,Aahar Indian Cuisine,3925 ratings,Indian,Vegetable Entrees,Malai Kofta,$17.95,aahar-indian-cuisine-10-murray-st-new-york
https://www.grubhub.com/restaurant/aahar-indian-cuisine-10-murray-st-new-york/333939,333939,Aahar Indian Cuisine,3925 ratings,Indian,Vegetable Entrees,Paneer Bhurji,$18.95,aahar-indian-cuisine-10-murray-st-new-york
https://www.grubhub.com/restaurant/aahar-indian-cuisine-10-murray-st-new-york/333939,333939,Aahar Indian Cuisine,3925 ratings,Indian,Vegetable Entrees,Paneer Tikka Masala,$18.95,aahar-indian-cuisine-10-murray-st-new-york
https://www.grubhub.com/restaurant/aahar-indian-cuisine-10-murray-st-new-york/333939,333939,Aahar Indian Cuisine,3925 ratings,Indian,Vegetable Entrees,Palak Paneer with Chickpeas and Corn,$17.95,aahar-indian-cuisine-10-murray-st-new-york
https://www.grubhub.com/restaurant/aahar-indian-cuisine-10-murray-st-new-york/333939,333939,Aahar Indian Cuisine,3925 ratings,Indian,Vegetable Entrees,Vegetable Chettinadu,$17.95,aahar-indian-cuisine-10-murray-st-new-york
https://www.grubhub.com/restaurant/aahar-indian-cuisine-10-murray-st-new-york/333939,333939,Aahar Indian Cuisine,3925 ratings,Indian,Vegetable Entrees,Amchoori Bhindi,$17.95,aahar-indian-cuisine-10-murray-st-new-york
https://www.grubhub.com/restaurant/aahar-indian-cuisine-10-murray-st-new-york/333939,333939,Aahar Indian Cuisine,3925 ratings,Indian,Vegetable Entrees,Vegetable Jalfrezi,$17.95,aahar-indian-cuisine-10-murray-st-new-york
https://www.grubhub.com/restaurant/aahar-indian-cuisine-10-murray-st-new-york/333939,333939,Aahar Indian Cuisine,3925 ratings,Indian,Vegetable Entrees,Chana Masala,$16.95,aahar-indian-cuisine-10-murray-st-new-york
https://www.grubhub.com/restaurant/aahar-indian-cuisine-10-murray-st-new-york/333939,333939,Aahar Indian Cuisine,3925 ratings,Indian,Vegetable Entrees,Daal Makhani,$16.95,aahar-indian-cuisine-10-murray-st-new-york
https://www.grubhub.com/restaurant/aahar-indian-cuisine-10-murray-st-new-york/333939,333939,Aahar Indian Cuisine,3925 ratings,Indian,Vegetable Entrees,Daal Tadka,$16.95,aahar-indian-cuisine-10-murray-st-new-york
https://www.grubhub.com/restaurant/aahar-indian-cuisine-10-murray-st-new-york/333939,333939,Aahar Indian Cuisine,3925 ratings,Indian,Vegetable Entrees,Saag Paneer,$17.95,aahar-indian-cuisine-10-murray-st-new-york
https://www.grubhub.com/restaurant/aahar-indian-cuisine-10-murray-st-new-york/333939,333939,Aahar Indian Cuisine,3925 ratings,Indian,Vegetable Entrees,Chana Saag,$17.95,aahar-indian-cuisine-10-murray-st-new-york
https://www.grubhub.com/restaurant/aahar-indian-cuisine-10-murray-st-new-york/333939,333939,Aahar Indian Cuisine,3925 ratings,Indian,Rice and Biryani Dishes,Saffron Basmati Rice,$4.95,aahar-indian-cuisine-10-murray-st-new-york
https://www.grubhub.com/restaurant/aahar-indian-cuisine-10-murray-st-new-york/333939,333939,Aahar Indian Cuisine,3925 ratings,Indian,Rice and Biryani Dishes,Vegetable Biryani,$17.95,aahar-indian-cuisine-10-murray-st-new-york
https://www.grubhub.com/restaurant/aahar-indian-cuisine-10-murray-st-new-york/333939,333939,Aahar Indian Cuisine,3925 ratings,Indian,Rice and Biryani Dishes,Best Seller,$19.95,aahar-indian-cuisine-10-murray-st-new-york
https://www.grubhub.com/restaurant/aahar-indian-cuisine-10-murray-st-new-york/333939,333939,Aahar Indian Cuisine,3925 ratings,Indian,Rice and Biryani Dishes,Lamb Biryani,$20.95,aahar-indian-cuisine-10-murray-st-new-york
https://www.grubhub.com/restaurant/aahar-indian-cuisine-10-murray-st-new-york/333939,333939,Aahar Indian Cuisine,3925 ratings,Indian,Rice and Biryani Dishes,Shrimp Biryani,$23.95,aahar-indian-cuisine-10-murray-st-new-york
https://www.grubhub.com/restaurant/aahar-indian-cuisine-10-murray-st-new-york/333939,333939,Aahar Indian Cuisine,3925 ratings,Indian,Bread,Naan,$3.95,aahar-indian-cuisine-10-murray-st-new-york
https://www.grubhub.com/restaurant/aahar-indian-cuisine-10-murray-st-new-york/333939,333939,Aahar Indian Cuisine,3925 ratings,Indian,Bread,Roti,$3.95,aahar-indian-cuisine-10-murray-st-new-york
https://www.grubhub.com/restaurant/aahar-indian-cuisine-10-murray-st-new-york/333939,333939,Aahar Indian Cuisine,3925 ratings,Indian,Bread,Poori,$4.95,aahar-indian-cuisine-10-murray-st-new-york
https://www.grubhub.com/restaurant/aahar-indian-cuisine-10-murray-st-new-york/333939,333939,Aahar Indian Cuisine,3925 ratings,Indian,Bread,Garlic Naan,$4.95,aahar-indian-cuisine-10-murray-st-new-york
https://www.grubhub.com/restaurant/aahar-indian-cuisine-10-murray-st-new-york/333939,333939,Aahar Indian Cuisine,3925 ratings,Indian,Bread,Peshawari naan,$6.95,aahar-indian-cuisine-10-murray-st-new-york
https://www.grubhub.com/restaurant/aahar-indian-cuisine-10-murray-st-new-york/333939,333939,Aahar Indian Cuisine,3925 ratings,Indian,Bread,Laccha Paratha,$5.95,aahar-indian-cuisine-10-murray-st-new-york
https://www.grubhub.com/restaurant/aahar-indian-cuisine-10-murray-st-new-york/333939,333939,Aahar Indian Cuisine,3925 ratings,Indian,Bread,Aloo Paratha,$6.95,aahar-indian-cuisine-10-murray-st-new-york
https://www.grubhub.com/restaurant/aahar-indian-cuisine-10-murray-st-new-york/333939,333939,Aahar Indian Cuisine,3925 ratings,Indian,Bread,Mint Basil Paratha,$5.95,aahar-indian-cuisine-10-murray-st-new-york
https://www.grubhub.com/restaurant/aahar-indian-cuisine-10-murray-st-new-york/333939,333939,Aahar Indian Cuisine,3925 ratings,Indian,Bread,Paneer Paratha,$6.95,aahar-indian-cuisine-10-murray-st-new-york
https://www.grubhub.com/restaurant/aahar-indian-cuisine-10-murray-st-new-york/333939,333939,Aahar Indian Cuisine,3925 ratings,Indian,Bread,Onion Kulcha,$6.95,aahar-indian-cuisine-10-murray-st-new-york
https://www.grubhub.com/restaurant/aahar-indian-cuisine-10-murray-st-new-york/333939,333939,Aahar Indian Cuisine,3925 ratings,Indian,Bread,Assorted Breadbasket,$12.00,aahar-indian-cuisine-10-murray-st-new-york
https://www.grubhub.com/restaurant/aahar-indian-cuisine-10-murray-st-new-york/333939,333939,Aahar Indian Cuisine,3925 ratings,Indian,Accompaniments,Cucumber Raita,$4.95,aahar-indian-cuisine-10-murray-st-new-york
https://www.grubhub.com/restaurant/aahar-indian-cuisine-10-murray-st-new-york/333939,333939,Aahar Indian Cuisine,3925 ratings,Indian,Accompaniments,Papadum,$3.95,aahar-indian-cuisine-10-murray-st-new-york
https://www.grubhub.com/restaurant/aahar-indian-cuisine-10-murray-st-new-york/333939,333939,Aahar Indian Cuisine,3925 ratings,Indian,Accompaniments,Onion Relish,$3.95,aahar-indian-cuisine-10-murray-st-new-york
https://www.grubhub.com/restaurant/aahar-indian-cuisine-10-murray-st-new-york/333939,333939,Aahar Indian Cuisine,3925 ratings,Indian,Accompaniments,Mango Chutney,$3.95,aahar-indian-cuisine-10-murray-st-new-york
https://www.grubhub.com/restaurant/aahar-indian-cuisine-10-murray-st-new-york/333939,333939,Aahar Indian Cuisine,3925 ratings,Indian,Accompaniments,Makhani Sauce,$3.95,aahar-indian-cuisine-10-murray-st-new-york
https://www.grubhub.com/restaurant/aahar-indian-cuisine-10-murray-st-new-york/333939,333939,Aahar Indian Cuisine,3925 ratings,Indian,Accompaniments,Tomato Chutney,$3.95,aahar-indian-cuisine-10-murray-st-new-york
https://www.grubhub.com/restaurant/aahar-indian-cuisine-10-murray-st-new-york/333939,333939,Aahar Indian Cuisine,3925 ratings,Indian,Accompaniments,Spicy Vindaloo Sauce,$3.95,aahar-indian-cuisine-10-murray-st-new-york
https://www.grubhub.com/restaurant/aahar-indian-cuisine-10-murray-st-new-york/333939,333939,Aahar Indian Cuisine,3925 ratings,Indian,Accompaniments,Tamarind Chutney,$3.95,aahar-indian-cuisine-10-murray-st-new-york
https://www.grubhub.com/restaurant/aahar-indian-cuisine-10-murray-st-new-york/333939,333939,Aahar Indian Cuisine,3925 ratings,Indian,Accompaniments,Mint Chutney,$3.95,aahar-indian-cuisine-10-murray-st-new-york
https://www.grubhub.com/restaurant/aahar-indian-cuisine-10-murray-st-new-york/333939,333939,Aahar Indian Cuisine,3925 ratings,Indian,Beverages,Mango Lassi,$5.95,aahar-indian-cuisine-10-murray-st-new-york
https://www.grubhub.com/restaurant/aahar-indian-cuisine-10-murray-st-new-york/333939,333939,Aahar Indian Cuisine,3925 ratings,Indian,Beverages,Sweet Lassi,$5.95,aahar-indian-cuisine-10-murray-st-new-york
https://www.grubhub.com/restaurant/aahar-indian-cuisine-10-murray-st-new-york/333939,333939,Aahar Indian Cuisine,3925 ratings,Indian,Beverages,Salt Lassi,$5.95,aahar-indian-cuisine-10-murray-st-new-york
https://www.grubhub.com/restaurant/aahar-indian-cuisine-10-murray-st-new-york/333939,333939,Aahar Indian Cuisine,3925 ratings,Indian,Beverages,Soda Can,$3.00,aahar-indian-cuisine-10-murray-st-new-york
https://www.grubhub.com/restaurant/aahar-indian-cuisine-10-murray-st-new-york/333939,333939,Aahar Indian Cuisine,3925 ratings,Indian,Beverages,Sparkling Water,$3.95,aahar-indian-cuisine-10-murray-st-new-york
https://www.grubhub.com/restaurant/aahar-indian-cuisine-10-murray-st-new-york/333939,333939,Aahar Indian Cuisine,3925 ratings,Indian,Beverages,Bottled Water,$2.00,aahar-indian-cuisine-10-murray-st-new-york
https://www.grubhub.com/restaurant/aahar-indian-cuisine-10-murray-st-new-york/333939,333939,Aahar Indian Cuisine,3925 ratings,Indian,Beverages,Mango Juice,$4.95,aahar-indian-cuisine-10-murray-st-new-york
https://www.grubhub.com/restaurant/aahar-indian-cuisine-10-murray-st-new-york/333939,333939,Aahar Indian Cuisine,3925 ratings,Indian,Desserts,Rasmalai 2 pcs,$6.95,aahar-indian-cuisine-10-murray-st-new-york
https://www.grubhub.com/restaurant/aahar-indian-cuisine-10-murray-st-new-york/333939,333939,Aahar Indian Cuisine,3925 ratings,Indian,Desserts,Kheer - Rice Pudding,$6.95,aahar-indian-cuisine-10-murray-st-new-york
https://www.grubhub.com/restaurant/aahar-indian-cuisine-10-murray-st-new-york/333939,333939,Aahar Indian Cuisine,3925 ratings,Indian,Desserts,Gulab Jamun 3 pcs,$6.95,aahar-indian-cuisine-10-murray-st-new-york
