Restaurant Link,Restaurant ID,Category,Dish Name,Dish Price
https://www.grubhub.com/restaurant/jersey-mikes-988-hempstead-tpke-uniondale/1438066,1438066,Cold Subs,#2 Jersey Shore's Favorite,$9.85+
https://www.grubhub.com/restaurant/jersey-mikes-988-hempstead-tpke-uniondale/1438066,1438066,Cold Subs,#3 Ham and Provolone,$9.85+
https://www.grubhub.com/restaurant/jersey-mikes-988-hempstead-tpke-uniondale/1438066,1438066,Cold Subs,#14 The Veggie,$9.85+
https://www.grubhub.com/restaurant/jersey-mikes-988-hempstead-tpke-uniondale/1438066,1438066,Cold Subs,#5 The Super Sub,$11.05+
https://www.grubhub.com/restaurant/jersey-mikes-988-hempstead-tpke-uniondale/1438066,1438066,Cold Subs,Best Seller,$11.05+
https://www.grubhub.com/restaurant/jersey-mikes-988-hempstead-tpke-uniondale/1438066,1438066,Cold Subs,#10 Tuna Fish,$11.05+
https://www.grubhub.com/restaurant/jersey-mikes-988-hempstead-tpke-uniondale/1438066,1438066,Cold Subs,#6 Roast Beef and Provolone,$12.30+
https://www.grubhub.com/restaurant/jersey-mikes-988-hempstead-tpke-uniondale/1438066,1438066,Cold Subs,#13 The Original Italian,$12.30+
https://www.grubhub.com/restaurant/jersey-mikes-988-hempstead-tpke-uniondale/1438066,1438066,Cold Subs,#8 Club Sub,$12.30+
https://www.grubhub.com/restaurant/jersey-mikes-988-hempstead-tpke-uniondale/1438066,1438066,Cold Subs,Best Seller,$12.30+
https://www.grubhub.com/restaurant/jersey-mikes-988-hempstead-tpke-uniondale/1438066,1438066,Cold Subs,#1 BLT,$11.05+
https://www.grubhub.com/restaurant/jersey-mikes-988-hempstead-tpke-uniondale/1438066,1438066,Cold Subs,#4 The Number Four,$11.05+
https://www.grubhub.com/restaurant/jersey-mikes-988-hempstead-tpke-uniondale/1438066,1438066,Cold Subs,#11 Stickball Special,$9.85+
https://www.grubhub.com/restaurant/jersey-mikes-988-hempstead-tpke-uniondale/1438066,1438066,Cold Subs,#12 Cancro Special,$12.50+
https://www.grubhub.com/restaurant/jersey-mikes-988-hempstead-tpke-uniondale/1438066,1438066,Hot Subs,#16 Mike's Chicken Philly,$11.20+
https://www.grubhub.com/restaurant/jersey-mikes-988-hempstead-tpke-uniondale/1438066,1438066,Hot Subs,#42 Chipotle Chicken Cheese Steak,$11.30+
https://www.grubhub.com/restaurant/jersey-mikes-988-hempstead-tpke-uniondale/1438066,1438066,Hot Subs,#55 Big Kahuna Chicken Cheese Steak,$11.70+
https://www.grubhub.com/restaurant/jersey-mikes-988-hempstead-tpke-uniondale/1438066,1438066,Hot Subs,#26 Bacon Ranch Chicken Cheese Steak,$11.70+
https://www.grubhub.com/restaurant/jersey-mikes-988-hempstead-tpke-uniondale/1438066,1438066,Hot Subs,#31 California Chicken Cheese Steak,$11.20+
https://www.grubhub.com/restaurant/jersey-mikes-988-hempstead-tpke-uniondale/1438066,1438066,Hot Subs,#44 Buffalo Chicken Cheese Steak,$11.70+
https://www.grubhub.com/restaurant/jersey-mikes-988-hempstead-tpke-uniondale/1438066,1438066,Hot Subs,#17 Mike's Famous Philly,$11.45+
https://www.grubhub.com/restaurant/jersey-mikes-988-hempstead-tpke-uniondale/1438066,1438066,Hot Subs,#43 Chipotle Cheese Steak,$11.55+
https://www.grubhub.com/restaurant/jersey-mikes-988-hempstead-tpke-uniondale/1438066,1438066,Hot Subs,#56 Big Kahuna Cheese Steak,$11.90+
https://www.grubhub.com/restaurant/jersey-mikes-988-hempstead-tpke-uniondale/1438066,1438066,Hot Subs,#64 Grilled Portabella Mushroom & Swiss,$11.05+
https://www.grubhub.com/restaurant/jersey-mikes-988-hempstead-tpke-uniondale/1438066,1438066,Hot Subs,#66 Portabella Cheese Steak,$12.05+
https://www.grubhub.com/restaurant/jersey-mikes-988-hempstead-tpke-uniondale/1438066,1438066,Hot Subs,#65 Portabella Chicken Cheese Steak,$11.90+
https://www.grubhub.com/restaurant/jersey-mikes-988-hempstead-tpke-uniondale/1438066,1438066,"Sides, Drinks, & Desserts",Bubly,$3.25+
https://www.grubhub.com/restaurant/jersey-mikes-988-hempstead-tpke-uniondale/1438066,1438066,"Sides, Drinks, & Desserts",Chips,$2.05+
https://www.grubhub.com/restaurant/jersey-mikes-988-hempstead-tpke-uniondale/1438066,1438066,"Sides, Drinks, & Desserts",Bottled Water,$3.00+
https://www.grubhub.com/restaurant/jersey-mikes-988-hempstead-tpke-uniondale/1438066,1438066,"Sides, Drinks, & Desserts",Soda Bottle,$3.60+
https://www.grubhub.com/restaurant/jersey-mikes-988-hempstead-tpke-uniondale/1438066,1438066,"Sides, Drinks, & Desserts",Gatorade,$3.50+
https://www.grubhub.com/restaurant/jersey-mikes-988-hempstead-tpke-uniondale/1438066,1438066,"Sides, Drinks, & Desserts",Stubborn Soda,$3.25+
https://www.grubhub.com/restaurant/bbq-pit-355-amsterdam-avenue-new-york/6196408,6196408,From the Grill,Hamburger Dlx,$12.75
https://www.grubhub.com/restaurant/bbq-pit-355-amsterdam-avenue-new-york/6196408,6196408,From the Grill,Cheeseburger Dlx,$13.50
https://www.grubhub.com/restaurant/bbq-pit-355-amsterdam-avenue-new-york/6196408,6196408,From the Grill,Turkey Dlx,$13.00
https://www.grubhub.com/restaurant/bbq-pit-355-amsterdam-avenue-new-york/6196408,6196408,From the Grill,"Pork Chop 1 Piece Special, Rice, Greek Salad",$16.00
https://www.grubhub.com/restaurant/bbq-pit-355-amsterdam-avenue-new-york/6196408,6196408,From the Grill,"Lamb Chops 3 Piece Special, Rice, Greek Salad",$20.00
https://www.grubhub.com/restaurant/bbq-pit-355-amsterdam-avenue-new-york/6196408,6196408,From the Grill,"Salmon Special Rice, Greek Salad",$20.00
https://www.grubhub.com/restaurant/bbq-pit-355-amsterdam-avenue-new-york/6196408,6196408,From the Grill,Steak Special with 1 Side Order,$33.00
https://www.grubhub.com/restaurant/bbq-pit-355-amsterdam-avenue-new-york/6196408,6196408,Fried Deligts,6 Piece Mozzarella Stix,$7.00
https://www.grubhub.com/restaurant/bbq-pit-355-amsterdam-avenue-new-york/6196408,6196408,Fried Deligts,4 Piece Chicken Fingers,$11.00
https://www.grubhub.com/restaurant/bbq-pit-355-amsterdam-avenue-new-york/6196408,6196408,Fried Deligts,Sweet Potato Fries,$6.50
https://www.grubhub.com/restaurant/bbq-pit-355-amsterdam-avenue-new-york/6196408,6196408,Fried Deligts,Sweet Plantains,$6.50
https://www.grubhub.com/restaurant/bbq-pit-355-amsterdam-avenue-new-york/6196408,6196408,Greek Specialties,Gyro Platter Large,$17.50
https://www.grubhub.com/restaurant/bbq-pit-355-amsterdam-avenue-new-york/6196408,6196408,Greek Specialties,Chicken Souvlaki Platter Large,$17.50
https://www.grubhub.com/restaurant/bbq-pit-355-amsterdam-avenue-new-york/6196408,6196408,Greek Specialties,Chicken Shawarma Platter Large,$17.50
https://www.grubhub.com/restaurant/bbq-pit-355-amsterdam-avenue-new-york/6196408,6196408,Bbq Pit,Best Seller,$19.50
https://www.grubhub.com/restaurant/bbq-pit-355-amsterdam-avenue-new-york/6196408,6196408,Bbq Pit,1/2 Chicken Charcol Broiled,$11.00
https://www.grubhub.com/restaurant/bbq-pit-355-amsterdam-avenue-new-york/6196408,6196408,Bbq Pit,Whole Chicken Bbq'd,$19.50
https://www.grubhub.com/restaurant/bbq-pit-355-amsterdam-avenue-new-york/6196408,6196408,Bbq Pit,1/2 Chicken Bbq'd,$11.00
https://www.grubhub.com/restaurant/bbq-pit-355-amsterdam-avenue-new-york/6196408,6196408,Bbq Pit,1/4 Chicken Bbq'd,$7.25
https://www.grubhub.com/restaurant/bbq-pit-355-amsterdam-avenue-new-york/6196408,6196408,Bbq Pit,Whole Baby Back Ribs,$30.00
https://www.grubhub.com/restaurant/bbq-pit-355-amsterdam-avenue-new-york/6196408,6196408,Bbq Pit,1/2 Baby Backribs,$18.00
https://www.grubhub.com/restaurant/bbq-pit-355-amsterdam-avenue-new-york/6196408,6196408,Bbq Pit,Best Seller,$28.00
https://www.grubhub.com/restaurant/bbq-pit-355-amsterdam-avenue-new-york/6196408,6196408,Bbq Pit,2 Piece Bbq'd Boneless Thights,$10.00
https://www.grubhub.com/restaurant/bbq-pit-355-amsterdam-avenue-new-york/6196408,6196408,Bbq Pit,6 Piece Grilled Bbq Wings,$10.75
https://www.grubhub.com/restaurant/bbq-pit-355-amsterdam-avenue-new-york/6196408,6196408,Bbq Pit,9 Piece Grilled Bbq Wings,$14.25
https://www.grubhub.com/restaurant/bbq-pit-355-amsterdam-avenue-new-york/6196408,6196408,Bbq Pit,1/4 Chicken Bbq'd 3 Piece Ribs,$13.00
https://www.grubhub.com/restaurant/bbq-pit-355-amsterdam-avenue-new-york/6196408,6196408,Bbq Pit,5 Piece Bbq'd Grilled Shrimps,$13.00
https://www.grubhub.com/restaurant/bbq-pit-355-amsterdam-avenue-new-york/6196408,6196408,Bbq Pit,10 Piece Bbq'd Grilled Shrimps,$25.00
https://www.grubhub.com/restaurant/bbq-pit-355-amsterdam-avenue-new-york/6196408,6196408,Side Orders,Rice,$5.50
https://www.grubhub.com/restaurant/bbq-pit-355-amsterdam-avenue-new-york/6196408,6196408,Side Orders,French Fries,$5.50
https://www.grubhub.com/restaurant/bbq-pit-355-amsterdam-avenue-new-york/6196408,6196408,Side Orders,Mashed Potatoes,$5.50
https://www.grubhub.com/restaurant/bbq-pit-355-amsterdam-avenue-new-york/6196408,6196408,Side Orders,Corn on Cob,$5.50
https://www.grubhub.com/restaurant/bbq-pit-355-amsterdam-avenue-new-york/6196408,6196408,Side Orders,Loose Corn,$5.50
https://www.grubhub.com/restaurant/bbq-pit-355-amsterdam-avenue-new-york/6196408,6196408,Side Orders,Red Beans,$5.50
https://www.grubhub.com/restaurant/bbq-pit-355-amsterdam-avenue-new-york/6196408,6196408,Side Orders,Mac and Cheese,$5.50
https://www.grubhub.com/restaurant/bbq-pit-355-amsterdam-avenue-new-york/6196408,6196408,Side Orders,Rice and Beans,$5.50
https://www.grubhub.com/restaurant/bbq-pit-355-amsterdam-avenue-new-york/6196408,6196408,Salads,Italian Salad Large,$13.75
https://www.grubhub.com/restaurant/bbq-pit-355-amsterdam-avenue-new-york/6196408,6196408,Salads,Caesar Salad Large,$12.75
https://www.grubhub.com/restaurant/bbq-pit-355-amsterdam-avenue-new-york/6196408,6196408,Salads,Green Salad Large,$13.25
https://www.grubhub.com/restaurant/bbq-pit-355-amsterdam-avenue-new-york/6196408,6196408,Salads,Greek Salad Large,$13.75
https://www.grubhub.com/restaurant/bbq-pit-355-amsterdam-avenue-new-york/6196408,6196408,Salads,Arugula Salad Large,$13.75
https://www.grubhub.com/restaurant/eat-street-nyc-887-5th-avenue-brooklyn/6620528,6620528,Quick Bites,Jerk Chicken Empanadas,$8.50
https://www.grubhub.com/restaurant/eat-street-nyc-887-5th-avenue-brooklyn/6620528,6620528,Quick Bites,Chopped Cheese Empanadas,$9.00
https://www.grubhub.com/restaurant/eat-street-nyc-887-5th-avenue-brooklyn/6620528,6620528,Quick Bites,BBQ Pork Empanadas,$8.50
https://www.grubhub.com/restaurant/eat-street-nyc-887-5th-avenue-brooklyn/6620528,6620528,Quick Bites,Mushroom Empanadas,$8.50
https://www.grubhub.com/restaurant/eat-street-nyc-887-5th-avenue-brooklyn/6620528,6620528,Quick Bites,Cuban Empanadas,$8.50
https://www.grubhub.com/restaurant/eat-street-nyc-887-5th-avenue-brooklyn/6620528,6620528,Quick Bites,Classic Fries,$7.00
https://www.grubhub.com/restaurant/eat-street-nyc-887-5th-avenue-brooklyn/6620528,6620528,Quick Bites,Sweet Potato Fries,$7.00
https://www.grubhub.com/restaurant/eat-street-nyc-887-5th-avenue-brooklyn/6620528,6620528,Quick Bites,Truffle fries,$9.00
https://www.grubhub.com/restaurant/eat-street-nyc-887-5th-avenue-brooklyn/6620528,6620528,Quick Bites,Eat Street NYC Sunny Fries,$12.00
https://www.grubhub.com/restaurant/eat-street-nyc-887-5th-avenue-brooklyn/6620528,6620528,Quick Bites,Jerk Chicken Rasta Pasta,$14.00
https://www.grubhub.com/restaurant/eat-street-nyc-887-5th-avenue-brooklyn/6620528,6620528,Quick Bites,Avocado Smash Open Toast,$10.00
https://www.grubhub.com/restaurant/eat-street-nyc-887-5th-avenue-brooklyn/6620528,6620528,Quick Bites,Burrata Open Toast,$10.00
https://www.grubhub.com/restaurant/eat-street-nyc-887-5th-avenue-brooklyn/6620528,6620528,Quick Bites,Bacon Jam Soft Scramble,$10.00
https://www.grubhub.com/restaurant/eat-street-nyc-887-5th-avenue-brooklyn/6620528,6620528,Quick Bites,6 Wings Your Way,$12.00
https://www.grubhub.com/restaurant/eat-street-nyc-887-5th-avenue-brooklyn/6620528,6620528,Boujee Sandwiches + Wraps,No Meat All Heat Sandwich,$16.00
https://www.grubhub.com/restaurant/eat-street-nyc-887-5th-avenue-brooklyn/6620528,6620528,Boujee Sandwiches + Wraps,Best Seller,$18.00
https://www.grubhub.com/restaurant/eat-street-nyc-887-5th-avenue-brooklyn/6620528,6620528,Boujee Sandwiches + Wraps,Italiano Special,$10.00+
https://www.grubhub.com/restaurant/eat-street-nyc-887-5th-avenue-brooklyn/6620528,6620528,Boujee Sandwiches + Wraps,Firenzi,$10.00+
https://www.grubhub.com/restaurant/eat-street-nyc-887-5th-avenue-brooklyn/6620528,6620528,Boujee Sandwiches + Wraps,Classic Crispy BLT,$9.00+
https://www.grubhub.com/restaurant/eat-street-nyc-887-5th-avenue-brooklyn/6620528,6620528,Boujee Sandwiches + Wraps,Americano Sandwich,$9.00+
https://www.grubhub.com/restaurant/eat-street-nyc-887-5th-avenue-brooklyn/6620528,6620528,Boujee Sandwiches + Wraps,Eat Street BLT,$9.00+
https://www.grubhub.com/restaurant/eat-street-nyc-887-5th-avenue-brooklyn/6620528,6620528,Boujee Sandwiches + Wraps,Sweet Honey Sopps,$9.00+
https://www.grubhub.com/restaurant/eat-street-nyc-887-5th-avenue-brooklyn/6620528,6620528,Boujee Sandwiches + Wraps,Turkey & Swizz,$9.00+
https://www.grubhub.com/restaurant/eat-street-nyc-887-5th-avenue-brooklyn/6620528,6620528,Boujee Sandwiches + Wraps,All Actions,$9.00+
https://www.grubhub.com/restaurant/eat-street-nyc-887-5th-avenue-brooklyn/6620528,6620528,Boujee Sandwiches + Wraps,Chicken Little,$10.00+
https://www.grubhub.com/restaurant/eat-street-nyc-887-5th-avenue-brooklyn/6620528,6620528,Boujee Sandwiches + Wraps,Sunset Grillin,$10.00+
https://www.grubhub.com/restaurant/eat-street-nyc-887-5th-avenue-brooklyn/6620528,6620528,Boujee Sandwiches + Wraps,Mama's Chicken Salad,$13.00
https://www.grubhub.com/restaurant/eat-street-nyc-887-5th-avenue-brooklyn/6620528,6620528,Boujee Sandwiches + Wraps,Chicken Bruschetta,$10.00+
https://www.grubhub.com/restaurant/eat-street-nyc-887-5th-avenue-brooklyn/6620528,6620528,Boujee Sandwiches + Wraps,The Best Eggplant Parm,$8.00+
https://www.grubhub.com/restaurant/eat-street-nyc-887-5th-avenue-brooklyn/6620528,6620528,Boujee Sandwiches + Wraps,Chicken Parm,$9.00+
https://www.grubhub.com/restaurant/eat-street-nyc-887-5th-avenue-brooklyn/6620528,6620528,Boujee Sandwiches + Wraps,Roast Beef Special,$9.00+
https://www.grubhub.com/restaurant/eat-street-nyc-887-5th-avenue-brooklyn/6620528,6620528,Boujee Sandwiches + Wraps,Create Your Own Sandwich,$15.00+
https://www.grubhub.com/restaurant/eat-street-nyc-887-5th-avenue-brooklyn/6620528,6620528,Boujee Sandwiches + Wraps,Classic Chicken Caesar Wrap,$15.00
https://www.grubhub.com/restaurant/eat-street-nyc-887-5th-avenue-brooklyn/6620528,6620528,Boujee Sandwiches + Wraps,Chicken Party Wrap,$15.00
https://www.grubhub.com/restaurant/eat-street-nyc-887-5th-avenue-brooklyn/6620528,6620528,Soups + Salads,Mama's Chicken Noodle Soup,$8.00+
https://www.grubhub.com/restaurant/eat-street-nyc-887-5th-avenue-brooklyn/6620528,6620528,Soups + Salads,Split Pea Soup,$8.00+
https://www.grubhub.com/restaurant/eat-street-nyc-887-5th-avenue-brooklyn/6620528,6620528,Soups + Salads,Roasted Tomato Soup + Grilled Cheese,$13.00+
https://www.grubhub.com/restaurant/eat-street-nyc-887-5th-avenue-brooklyn/6620528,6620528,Soups + Salads,Sunset Park Fiesta Salad,$15.00
https://www.grubhub.com/restaurant/eat-street-nyc-887-5th-avenue-brooklyn/6620528,6620528,Soups + Salads,Chopped Italian Salad,$17.00
https://www.grubhub.com/restaurant/eat-street-nyc-887-5th-avenue-brooklyn/6620528,6620528,Soups + Salads,Brooklyn Waldorf Salad,$17.00
https://www.grubhub.com/restaurant/eat-street-nyc-887-5th-avenue-brooklyn/6620528,6620528,Soups + Salads,Hot Girl Summer Salad,$15.00
https://www.grubhub.com/restaurant/eat-street-nyc-887-5th-avenue-brooklyn/6620528,6620528,Soups + Salads,Classic Caesar Salad,$14.00
https://www.grubhub.com/restaurant/eat-street-nyc-887-5th-avenue-brooklyn/6620528,6620528,Soups + Salads,Frio Chica Salad,$15.00
https://www.grubhub.com/restaurant/eat-street-nyc-887-5th-avenue-brooklyn/6620528,6620528,Soups + Salads,Create Your Own Salad,$14.00
https://www.grubhub.com/restaurant/eat-street-nyc-887-5th-avenue-brooklyn/6620528,6620528,Soups + Salads,Best Seller,$16.00
https://www.grubhub.com/restaurant/eat-street-nyc-887-5th-avenue-brooklyn/6620528,6620528,Soups + Salads,Half Sandwich and Salad,$16.00
https://www.grubhub.com/restaurant/eat-street-nyc-887-5th-avenue-brooklyn/6620528,6620528,Soups + Salads,Salad and Soup,$14.00
https://www.grubhub.com/restaurant/eat-street-nyc-887-5th-avenue-brooklyn/6620528,6620528,Baked Goodies,Apple Turnover,$3.00
https://www.grubhub.com/restaurant/eat-street-nyc-887-5th-avenue-brooklyn/6620528,6620528,Baked Goodies,Eat St. Cookie House,$3.00+
https://www.grubhub.com/restaurant/eat-street-nyc-887-5th-avenue-brooklyn/6620528,6620528,Baked Goodies,Chocolate chip cookies,$5.00+
https://www.grubhub.com/restaurant/eat-street-nyc-887-5th-avenue-brooklyn/6620528,6620528,Baked Goodies,Chocolate chocolate chunk,$5.00+
https://www.grubhub.com/restaurant/eat-street-nyc-887-5th-avenue-brooklyn/6620528,6620528,Baked Goodies,White chocolate macadamia cookies,$5.00+
https://www.grubhub.com/restaurant/eat-street-nyc-887-5th-avenue-brooklyn/6620528,6620528,Baked Goodies,Plain Croissant,$3.00
https://www.grubhub.com/restaurant/eat-street-nyc-887-5th-avenue-brooklyn/6620528,6620528,Liquids,Coke,$2.00
https://www.grubhub.com/restaurant/eat-street-nyc-887-5th-avenue-brooklyn/6620528,6620528,Liquids,Sprite,$2.00
https://www.grubhub.com/restaurant/eat-street-nyc-887-5th-avenue-brooklyn/6620528,6620528,Liquids,Ginger ale,$2.00
https://www.grubhub.com/restaurant/eat-street-nyc-887-5th-avenue-brooklyn/6620528,6620528,Liquids,Bottled Water,$2.00
https://www.grubhub.com/restaurant/eat-street-nyc-887-5th-avenue-brooklyn/6620528,6620528,Liquids,Lime sparkling water,$2.00
https://www.grubhub.com/restaurant/eat-street-nyc-887-5th-avenue-brooklyn/6620528,6620528,Liquids,Lemon sparkling water,$2.00
https://www.grubhub.com/restaurant/eat-street-nyc-887-5th-avenue-brooklyn/6620528,6620528,Liquids,Grapefruit sparkling water,$2.00
https://www.grubhub.com/restaurant/eat-street-nyc-887-5th-avenue-brooklyn/6620528,6620528,Liquids,Pink Lemonade seltzer,$2.00
https://www.grubhub.com/restaurant/eat-street-nyc-887-5th-avenue-brooklyn/6620528,6620528,Liquids,Drip Coffee,$3.00+
https://www.grubhub.com/restaurant/eat-street-nyc-887-5th-avenue-brooklyn/6620528,6620528,Liquids,Iced Coffee,$3.50+
https://www.grubhub.com/restaurant/eat-street-nyc-887-5th-avenue-brooklyn/6620528,6620528,Liquids,Espresso,$3.50
https://www.grubhub.com/restaurant/eat-street-nyc-887-5th-avenue-brooklyn/6620528,6620528,Liquids,Double Espresso,$5.00
https://www.grubhub.com/restaurant/eat-street-nyc-887-5th-avenue-brooklyn/6620528,6620528,Liquids,Cappuccino,$5.00
https://www.grubhub.com/restaurant/eat-street-nyc-887-5th-avenue-brooklyn/6620528,6620528,Liquids,Latte,$5.50
https://www.grubhub.com/restaurant/eat-street-nyc-887-5th-avenue-brooklyn/6620528,6620528,Liquids,Cortado,$4.00
https://www.grubhub.com/restaurant/eat-street-nyc-887-5th-avenue-brooklyn/6620528,6620528,Liquids,Iced Latte,$5.50
https://www.grubhub.com/restaurant/eat-street-nyc-887-5th-avenue-brooklyn/6620528,6620528,Liquids,Surprise Latte of the Day .. PEPPERMINT,$6.00
https://www.grubhub.com/restaurant/eat-street-nyc-887-5th-avenue-brooklyn/6620528,6620528,Liquids,Tea,$4.00
https://www.grubhub.com/restaurant/eat-street-nyc-887-5th-avenue-brooklyn/6620528,6620528,Liquids,Americano Coffee,$4.00
https://www.grubhub.com/restaurant/eat-street-nyc-887-5th-avenue-brooklyn/6620528,6620528,Liquids,Homemade Hot Cocoa,$5.00
https://www.grubhub.com/restaurant/eat-street-nyc-887-5th-avenue-brooklyn/6620528,6620528,Liquids,The Beat Up fresh squeeze juice,$8.00+
https://www.grubhub.com/restaurant/eat-street-nyc-887-5th-avenue-brooklyn/6620528,6620528,Liquids,Green Machine fresh squeeze juice,$8.00+
https://www.grubhub.com/restaurant/eat-street-nyc-887-5th-avenue-brooklyn/6620528,6620528,Liquids,Do The Dew fresh squeeze juice,$8.00+
https://www.grubhub.com/restaurant/eat-street-nyc-887-5th-avenue-brooklyn/6620528,6620528,Liquids,Nutrition T- Pot fresh squeeze juice,$8.00+
https://www.grubhub.com/restaurant/eat-street-nyc-887-5th-avenue-brooklyn/6620528,6620528,Liquids,Jus' Juice fresh squeeze juice,$8.00+
https://www.grubhub.com/restaurant/sweetgreen-1740-broadway-new-york/2305142,2305142,Protein Plates,Miso Glazed Salmon,$18.95
https://www.grubhub.com/restaurant/sweetgreen-1740-broadway-new-york/2305142,2305142,Bowls,Chicken Pesto Parm,$17.50
https://www.grubhub.com/restaurant/sweetgreen-1740-broadway-new-york/2305142,2305142,Bowls,Best Seller,$17.25
https://www.grubhub.com/restaurant/sweetgreen-1740-broadway-new-york/2305142,2305142,Bowls,Crispy Rice Bowl,$17.95
https://www.grubhub.com/restaurant/sweetgreen-1740-broadway-new-york/2305142,2305142,Bowls,Best Seller,$16.95
https://www.grubhub.com/restaurant/sweetgreen-1740-broadway-new-york/2305142,2305142,Bowls,Fish Taco,$19.75
https://www.grubhub.com/restaurant/sweetgreen-1740-broadway-new-york/2305142,2305142,Bowls,Shroomami,$16.75
https://www.grubhub.com/restaurant/sweetgreen-1740-broadway-new-york/2305142,2305142,Bowls,Elote Bowl,$15.95
https://www.grubhub.com/restaurant/sweetgreen-1740-broadway-new-york/2305142,2305142,Salads,Super Green Goddess,$13.25
https://www.grubhub.com/restaurant/sweetgreen-1740-broadway-new-york/2305142,2305142,Salads,Italian Chopped,$17.25
https://www.grubhub.com/restaurant/sweetgreen-1740-broadway-new-york/2305142,2305142,Salads,BBQ Chicken Salad,$16.75
https://www.grubhub.com/restaurant/sweetgreen-1740-broadway-new-york/2305142,2305142,Salads,Buffalo Chicken,$18.25
https://www.grubhub.com/restaurant/sweetgreen-1740-broadway-new-york/2305142,2305142,Salads,Hummus Crunch,$15.50
https://www.grubhub.com/restaurant/sweetgreen-1740-broadway-new-york/2305142,2305142,Salads,Garden Cobb,$17.50
https://www.grubhub.com/restaurant/sweetgreen-1740-broadway-new-york/2305142,2305142,Salads,Guacamole Greens,$16.95
https://www.grubhub.com/restaurant/sweetgreen-1740-broadway-new-york/2305142,2305142,Salads,Kale Caesar,$16.25
https://www.grubhub.com/restaurant/sweetgreen-1740-broadway-new-york/2305142,2305142,Custom,Best Seller,$12.25
https://www.grubhub.com/restaurant/sweetgreen-1740-broadway-new-york/2305142,2305142,Sides,Hot Stuff,$10.95
https://www.grubhub.com/restaurant/sweetgreen-1740-broadway-new-york/2305142,2305142,Sides,SG X Siete: Green Goddess Ranch Potato Chips,$3.25
https://www.grubhub.com/restaurant/sweetgreen-1740-broadway-new-york/2305142,2305142,Sides,Siete Sea Salt Potato Chips,$3.25
https://www.grubhub.com/restaurant/sweetgreen-1740-broadway-new-york/2305142,2305142,Sides,Hummus + Focaccia,$4.75
https://www.grubhub.com/restaurant/sweetgreen-1740-broadway-new-york/2305142,2305142,Sides,Roasted Sweet Potatoes + Green Goddess Ranch,$4.75
https://www.grubhub.com/restaurant/sweetgreen-1740-broadway-new-york/2305142,2305142,Sides,Roasted Sweet Potatoes + Hot Honey Mustard,$4.75
https://www.grubhub.com/restaurant/sweetgreen-1740-broadway-new-york/2305142,2305142,Sides,Rosemary Focaccia,$2.95
https://www.grubhub.com/restaurant/sweetgreen-1740-broadway-new-york/2305142,2305142,Dessert,Hu Salty Dark Chocolate Bar,$6.25
https://www.grubhub.com/restaurant/sweetgreen-1740-broadway-new-york/2305142,2305142,Dessert,Hu Cashews + Vanilla Bean Hunks,$3.75
https://www.grubhub.com/restaurant/sweetgreen-1740-broadway-new-york/2305142,2305142,Dessert,Crispy Rice Treat,$3.75
https://www.grubhub.com/restaurant/sweetgreen-1740-broadway-new-york/2305142,2305142,Beverages,Health-Ade Pink Lady Apple,$4.15
https://www.grubhub.com/restaurant/sweetgreen-1740-broadway-new-york/2305142,2305142,Beverages,Harney & Sons Organic Lemonade,$4.25
https://www.grubhub.com/restaurant/sweetgreen-1740-broadway-new-york/2305142,2305142,Beverages,Health-Ade Passionfruit Tangerine,$4.15
https://www.grubhub.com/restaurant/sweetgreen-1740-broadway-new-york/2305142,2305142,Beverages,Sparkling Water,$3.25
https://www.grubhub.com/restaurant/sweetgreen-1740-broadway-new-york/2305142,2305142,Beverages,Still Water,$3.25
https://www.grubhub.com/restaurant/sweetgreen-1740-broadway-new-york/2305142,2305142,Beverages,Spindrift Raspberry Lime,$3.75
https://www.grubhub.com/restaurant/sweetgreen-1740-broadway-new-york/2305142,2305142,Beverages,Spindrift Grapefruit,$3.75
https://www.grubhub.com/restaurant/sweetgreen-1740-broadway-new-york/2305142,2305142,Beverages,OLIPOP Vintage Cola,$4.25
https://www.grubhub.com/restaurant/sweetgreen-1740-broadway-new-york/2305142,2305142,Beverages,OLIPOP Lemon Lime Soda,$4.25
https://www.grubhub.com/restaurant/sweetgreen-1740-broadway-new-york/2305142,2305142,Beverages,Jasmine Green Tea,$4.25
https://www.grubhub.com/restaurant/sweetgreen-1740-broadway-new-york/2305142,2305142,Beverages,Hibiscus Clover Tea,$4.25
https://www.grubhub.com/restaurant/maydan-by-wonder-uws-2030-broadway-new-york/5787496,5787496,Spreads & Salads,Hummus,$9.95
https://www.grubhub.com/restaurant/maydan-by-wonder-uws-2030-broadway-new-york/5787496,5787496,Spreads & Salads,Baba Ghanoush,$8.95
https://www.grubhub.com/restaurant/maydan-by-wonder-uws-2030-broadway-new-york/5787496,5787496,Spreads & Salads,Labneh,$9.95
https://www.grubhub.com/restaurant/maydan-by-wonder-uws-2030-broadway-new-york/5787496,5787496,Spreads & Salads,Muhammara,$9.95
https://www.grubhub.com/restaurant/maydan-by-wonder-uws-2030-broadway-new-york/5787496,5787496,Spreads & Salads,Fattoush Salad,$12.00
https://www.grubhub.com/restaurant/maydan-by-wonder-uws-2030-broadway-new-york/5787496,5787496,Spreads & Salads,Spreads Duo,$16.95
https://www.grubhub.com/restaurant/maydan-by-wonder-uws-2030-broadway-new-york/5787496,5787496,Mains,Chicken Kebab,$17.00
https://www.grubhub.com/restaurant/maydan-by-wonder-uws-2030-broadway-new-york/5787496,5787496,Mains,Omani Shrimp,$19.00
https://www.grubhub.com/restaurant/maydan-by-wonder-uws-2030-broadway-new-york/5787496,5787496,Shawarmas,Lamb Shawarma,$19.00
https://www.grubhub.com/restaurant/maydan-by-wonder-uws-2030-broadway-new-york/5787496,5787496,Shawarmas,Chicken Shawarma,$17.00
https://www.grubhub.com/restaurant/maydan-by-wonder-uws-2030-broadway-new-york/5787496,5787496,Shawarmas,Vegetable Shawarma,$16.00
https://www.grubhub.com/restaurant/maydan-by-wonder-uws-2030-broadway-new-york/5787496,5787496,Sides,Best Seller,$10.00
https://www.grubhub.com/restaurant/maydan-by-wonder-uws-2030-broadway-new-york/5787496,5787496,Sides,Sauce Trio,$3.00
https://www.grubhub.com/restaurant/maydan-by-wonder-uws-2030-broadway-new-york/5787496,5787496,Kids,Chicken Tenders,$6.00
https://www.grubhub.com/restaurant/maydan-by-wonder-uws-2030-broadway-new-york/5787496,5787496,Kids,Mac & Cheese,$6.00
https://www.grubhub.com/restaurant/maydan-by-wonder-uws-2030-broadway-new-york/5787496,5787496,Desserts,Hungry Gnome Sea Salt Chocolate Chip Cookie,$4.50
https://www.grubhub.com/restaurant/maydan-by-wonder-uws-2030-broadway-new-york/5787496,5787496,Desserts,Hungry Gnome Dark & White Chocolate Toffee Cookie,$4.50
https://www.grubhub.com/restaurant/maydan-by-wonder-uws-2030-broadway-new-york/5787496,5787496,Desserts,Chocolatier Killer Brownie,$4.00
https://www.grubhub.com/restaurant/maydan-by-wonder-uws-2030-broadway-new-york/5787496,5787496,Desserts,Peanut Butter Killer Brownie,$6.00
https://www.grubhub.com/restaurant/maydan-by-wonder-uws-2030-broadway-new-york/5787496,5787496,Desserts,Dana's Bakery Brown Butter Krisp Bar,$7.00
https://www.grubhub.com/restaurant/maydan-by-wonder-uws-2030-broadway-new-york/5787496,5787496,Desserts,Dana's Bakery Cookies & Creme Krisp Bar,$7.00
https://www.grubhub.com/restaurant/maydan-by-wonder-uws-2030-broadway-new-york/5787496,5787496,Desserts,Magnolia Bakery Cupcake Duo,$8.75
https://www.grubhub.com/restaurant/maydan-by-wonder-uws-2030-broadway-new-york/5787496,5787496,Desserts,Dick Taylor Fleur de Sel Dark Chocolate,$8.00
https://www.grubhub.com/restaurant/maydan-by-wonder-uws-2030-broadway-new-york/5787496,5787496,Beverages,Harney & Sons Lemonade,$3.50
https://www.grubhub.com/restaurant/maydan-by-wonder-uws-2030-broadway-new-york/5787496,5787496,Beverages,Harney & Sons Organic Black Iced Tea,$3.50
https://www.grubhub.com/restaurant/maydan-by-wonder-uws-2030-broadway-new-york/5787496,5787496,Beverages,Spindrift Lemon,$3.00
https://www.grubhub.com/restaurant/maydan-by-wonder-uws-2030-broadway-new-york/5787496,5787496,Beverages,Spindrift Grapefruit,$3.00
https://www.grubhub.com/restaurant/maydan-by-wonder-uws-2030-broadway-new-york/5787496,5787496,Beverages,Sanpellegrino Aranciata,$3.50
https://www.grubhub.com/restaurant/maydan-by-wonder-uws-2030-broadway-new-york/5787496,5787496,Beverages,Poppi Root Beer,$3.50
https://www.grubhub.com/restaurant/maydan-by-wonder-uws-2030-broadway-new-york/5787496,5787496,Beverages,Poppi Strawberry Lemon,$3.50
https://www.grubhub.com/restaurant/maydan-by-wonder-uws-2030-broadway-new-york/5787496,5787496,Beverages,Diet Coke,$2.00
https://www.grubhub.com/restaurant/popeyes-239-25-linden-blvd-elmont/1200189,1200189,Wings (New Flavors!),New! 6Pc Wings Combo,$13.69+
https://www.grubhub.com/restaurant/popeyes-239-25-linden-blvd-elmont/1200189,1200189,Wings (New Flavors!),New! 12Pc Wings Combo,$17.39+
https://www.grubhub.com/restaurant/popeyes-239-25-linden-blvd-elmont/1200189,1200189,Wings (New Flavors!),New! 6Pc Wings,$7.99
https://www.grubhub.com/restaurant/popeyes-239-25-linden-blvd-elmont/1200189,1200189,Wings (New Flavors!),New! 12pc Wings,$14.79
https://www.grubhub.com/restaurant/popeyes-239-25-linden-blvd-elmont/1200189,1200189,Wings (New Flavors!),New! 24Pc Wings,$29.59
https://www.grubhub.com/restaurant/popeyes-239-25-linden-blvd-elmont/1200189,1200189,Wings (New Flavors!),Wings & Sandwiches Bundle,$24.89+
https://www.grubhub.com/restaurant/popeyes-239-25-linden-blvd-elmont/1200189,1200189,Wings (New Flavors!),LIMITED TIME 36Pc Wings,$44.39
https://www.grubhub.com/restaurant/popeyes-239-25-linden-blvd-elmont/1200189,1200189,Wings (New Flavors!),LIMITED TIME 48Pc Wings,$58.99
https://www.grubhub.com/restaurant/popeyes-239-25-linden-blvd-elmont/1200189,1200189,Wings (New Flavors!),WINGS TWO CAN DINE $17.99,$17.99+
https://www.grubhub.com/restaurant/popeyes-239-25-linden-blvd-elmont/1200189,1200189,Wings (New Flavors!),18Pc Wing Group Pack,$23.99+
https://www.grubhub.com/restaurant/popeyes-239-25-linden-blvd-elmont/1200189,1200189,Seafood,Classic Flounder Fish Sandwich,$7.19
https://www.grubhub.com/restaurant/popeyes-239-25-linden-blvd-elmont/1200189,1200189,Seafood,Classic Flounder Fish Sandwich Combo,$13.49+
https://www.grubhub.com/restaurant/popeyes-239-25-linden-blvd-elmont/1200189,1200189,Seafood,Spicy Flounder Fish Sandwich,$7.19
https://www.grubhub.com/restaurant/popeyes-239-25-linden-blvd-elmont/1200189,1200189,Seafood,Spicy Flounder Fish Sandwich Combo,$13.49+
https://www.grubhub.com/restaurant/popeyes-239-25-linden-blvd-elmont/1200189,1200189,Seafood,Shrimp Tackle Box,$7.19+
https://www.grubhub.com/restaurant/popeyes-239-25-linden-blvd-elmont/1200189,1200189,Seafood,Shrimp Tackle Box Combo,$10.99+
https://www.grubhub.com/restaurant/popeyes-239-25-linden-blvd-elmont/1200189,1200189,Chicken Sandwiches,Classic Blackened Bacon & Cheese Chicken Sandwich,$8.39
https://www.grubhub.com/restaurant/popeyes-239-25-linden-blvd-elmont/1200189,1200189,Chicken Sandwiches,Classic Blackened Bacon & Cheese Chicken Sandwich Combo,$15.59+
https://www.grubhub.com/restaurant/popeyes-239-25-linden-blvd-elmont/1200189,1200189,Chicken Sandwiches,Spicy Blackened Bacon & Cheese Chicken Sandwich,$8.39
https://www.grubhub.com/restaurant/popeyes-239-25-linden-blvd-elmont/1200189,1200189,Chicken Sandwiches,Spicy Blackened Bacon & Cheese Chicken Sandwich Combo,$15.59+
https://www.grubhub.com/restaurant/popeyes-239-25-linden-blvd-elmont/1200189,1200189,Chicken Sandwiches,Classic Blackened Chicken Sandwich,$6.19
https://www.grubhub.com/restaurant/popeyes-239-25-linden-blvd-elmont/1200189,1200189,Chicken Sandwiches,Classic Blackened Chicken Sandwich Combo,$13.69+
https://www.grubhub.com/restaurant/popeyes-239-25-linden-blvd-elmont/1200189,1200189,Chicken Sandwiches,Spicy Blackened Chicken Sandwich,$6.19
https://www.grubhub.com/restaurant/popeyes-239-25-linden-blvd-elmont/1200189,1200189,Chicken Sandwiches,Spicy Blackened Chicken Sandwich Combo,$13.69+
https://www.grubhub.com/restaurant/popeyes-239-25-linden-blvd-elmont/1200189,1200189,Chicken Sandwiches,Classic Chicken Sandwich,$6.19
https://www.grubhub.com/restaurant/popeyes-239-25-linden-blvd-elmont/1200189,1200189,Chicken Sandwiches,Classic Chicken Sandwich Combo,$13.69+
https://www.grubhub.com/restaurant/popeyes-239-25-linden-blvd-elmont/1200189,1200189,Chicken Sandwiches,Spicy Chicken Sandwich,$6.19
https://www.grubhub.com/restaurant/popeyes-239-25-linden-blvd-elmont/1200189,1200189,Chicken Sandwiches,Spicy Chicken Sandwich Combo,$13.69+
https://www.grubhub.com/restaurant/popeyes-239-25-linden-blvd-elmont/1200189,1200189,Chicken Sandwiches,Classic Bacon & Cheese Chicken Sandwich,$8.39
https://www.grubhub.com/restaurant/popeyes-239-25-linden-blvd-elmont/1200189,1200189,Chicken Sandwiches,Classic Bacon & Cheese Chicken Sandwich Combo,$15.59+
https://www.grubhub.com/restaurant/popeyes-239-25-linden-blvd-elmont/1200189,1200189,Chicken Sandwiches,Spicy Bacon & Cheese Chicken Sandwich,$8.39
https://www.grubhub.com/restaurant/popeyes-239-25-linden-blvd-elmont/1200189,1200189,Chicken Sandwiches,Spicy Bacon & Cheese Chicken Sandwich Combo,$15.59+
https://www.grubhub.com/restaurant/popeyes-239-25-linden-blvd-elmont/1200189,1200189,Combos,2Pc Signature Chicken Combo,$14.36+
https://www.grubhub.com/restaurant/popeyes-239-25-linden-blvd-elmont/1200189,1200189,Combos,3Pc Signature Chicken Combo,$16.59+
https://www.grubhub.com/restaurant/popeyes-239-25-linden-blvd-elmont/1200189,1200189,Combos,4Pc Signature Chicken Combo,$19.89+
https://www.grubhub.com/restaurant/popeyes-239-25-linden-blvd-elmont/1200189,1200189,Combos,3Pc Handcrafted Tenders Combo,$17.19+
https://www.grubhub.com/restaurant/popeyes-239-25-linden-blvd-elmont/1200189,1200189,Combos,5Pc Handcrafted Tenders Combo,$20.29+
https://www.grubhub.com/restaurant/popeyes-239-25-linden-blvd-elmont/1200189,1200189,Combos,8Pc Nuggets Combo,$12.39+
https://www.grubhub.com/restaurant/popeyes-239-25-linden-blvd-elmont/1200189,1200189,Combos,12Pc Nuggets Combo,$17.19+
https://www.grubhub.com/restaurant/popeyes-239-25-linden-blvd-elmont/1200189,1200189,Family Meals,16Pc Handcrafted Tenders Family Meal (NEW),$51.19+
https://www.grubhub.com/restaurant/popeyes-239-25-linden-blvd-elmont/1200189,1200189,Family Meals,Family Feast,$41.19+
https://www.grubhub.com/restaurant/popeyes-239-25-linden-blvd-elmont/1200189,1200189,Family Meals,8Pc Signature Chicken Family Meal,$34.89+
https://www.grubhub.com/restaurant/popeyes-239-25-linden-blvd-elmont/1200189,1200189,Family Meals,12Pc Signature Chicken Family Meal,$48.69+
https://www.grubhub.com/restaurant/popeyes-239-25-linden-blvd-elmont/1200189,1200189,Family Meals,16Pc Signature Chicken Family Meal,$61.19+
https://www.grubhub.com/restaurant/popeyes-239-25-linden-blvd-elmont/1200189,1200189,Family Meals,20Pc Signature Chicken Family Meal,$66.19+
https://www.grubhub.com/restaurant/popeyes-239-25-linden-blvd-elmont/1200189,1200189,Family Meals,30Pc Signature Chicken Family Meal,$81.19+
https://www.grubhub.com/restaurant/popeyes-239-25-linden-blvd-elmont/1200189,1200189,Family Meals,8Pc Handcrafted Tenders Family Meal,$34.89+
https://www.grubhub.com/restaurant/popeyes-239-25-linden-blvd-elmont/1200189,1200189,Family Meals,12Pc Handcrafted Tenders Family Meal,$39.29+
https://www.grubhub.com/restaurant/popeyes-239-25-linden-blvd-elmont/1200189,1200189,Family Meals,16Pc Handcrafted Tenders Family Meal,$51.19+
https://www.grubhub.com/restaurant/popeyes-239-25-linden-blvd-elmont/1200189,1200189,Family Meals,20Pc Handcrafted Tenders Family Meal,$65.59+
https://www.grubhub.com/restaurant/popeyes-239-25-linden-blvd-elmont/1200189,1200189,Family Meals,Big Sandwich Bundle Family Meal,$27.50+
https://www.grubhub.com/restaurant/popeyes-239-25-linden-blvd-elmont/1200189,1200189,Family Meals,24Pc Nuggets Family Meal,$17.19
https://www.grubhub.com/restaurant/popeyes-239-25-linden-blvd-elmont/1200189,1200189,Family Meals,36Pc Nuggets Family Meal,$27.39
https://www.grubhub.com/restaurant/popeyes-239-25-linden-blvd-elmont/1200189,1200189,Individual Items,8Pc Signature Chicken,$27.39
https://www.grubhub.com/restaurant/popeyes-239-25-linden-blvd-elmont/1200189,1200189,Individual Items,12Pc Signature Chicken,$37.39
https://www.grubhub.com/restaurant/popeyes-239-25-linden-blvd-elmont/1200189,1200189,Individual Items,16Pc Signature Chicken,$44.89
https://www.grubhub.com/restaurant/popeyes-239-25-linden-blvd-elmont/1200189,1200189,Individual Items,8Pc Handcrafted Tenders,$27.39
https://www.grubhub.com/restaurant/popeyes-239-25-linden-blvd-elmont/1200189,1200189,Individual Items,12Pc Handcrafted Tenders,$36.19
https://www.grubhub.com/restaurant/popeyes-239-25-linden-blvd-elmont/1200189,1200189,Individual Items,16Pc Handcrafted Tenders,$42.39
https://www.grubhub.com/restaurant/popeyes-239-25-linden-blvd-elmont/1200189,1200189,Individual Items,20Pc Handcrafted Tenders,$48.69
https://www.grubhub.com/restaurant/popeyes-239-25-linden-blvd-elmont/1200189,1200189,Individual Items,8Pc Nuggets,$4.89
https://www.grubhub.com/restaurant/popeyes-239-25-linden-blvd-elmont/1200189,1200189,Individual Items,12Pc Nuggets,$8.69
https://www.grubhub.com/restaurant/popeyes-239-25-linden-blvd-elmont/1200189,1200189,Individual Items,24Pc Nuggets,$17.19
https://www.grubhub.com/restaurant/popeyes-239-25-linden-blvd-elmont/1200189,1200189,Individual Items,36Pc Nuggets,$27.39
https://www.grubhub.com/restaurant/popeyes-239-25-linden-blvd-elmont/1200189,1200189,Dinners,Classic Chicken Sandwich Dinner,$11.39+
https://www.grubhub.com/restaurant/popeyes-239-25-linden-blvd-elmont/1200189,1200189,Dinners,Spicy Chicken Sandwich Dinner,$11.39+
https://www.grubhub.com/restaurant/popeyes-239-25-linden-blvd-elmont/1200189,1200189,Dinners,2Pc Signature Chicken Dinner,$12.59+
https://www.grubhub.com/restaurant/popeyes-239-25-linden-blvd-elmont/1200189,1200189,Dinners,3Pc Signature Chicken Dinner,$15.85+
https://www.grubhub.com/restaurant/popeyes-239-25-linden-blvd-elmont/1200189,1200189,Dinners,4Pc Signature Chicken Dinner,$19.19+
https://www.grubhub.com/restaurant/popeyes-239-25-linden-blvd-elmont/1200189,1200189,Dinners,3Pc Handcrafted Tenders Dinner,$16.19+
https://www.grubhub.com/restaurant/popeyes-239-25-linden-blvd-elmont/1200189,1200189,Kid's Meals,Handcrafted Tenders Kids' Meal,$6.79
https://www.grubhub.com/restaurant/popeyes-239-25-linden-blvd-elmont/1200189,1200189,Kid's Meals,Mac & Cheese Kids' Meal,$9.09
https://www.grubhub.com/restaurant/popeyes-239-25-linden-blvd-elmont/1200189,1200189,Signature Sides,Cajun Fries,$4.69+
https://www.grubhub.com/restaurant/popeyes-239-25-linden-blvd-elmont/1200189,1200189,Signature Sides,Biscuits,$1.60+
https://www.grubhub.com/restaurant/popeyes-239-25-linden-blvd-elmont/1200189,1200189,Signature Sides,Homestyle Mac & Cheese,$5.29+
https://www.grubhub.com/restaurant/popeyes-239-25-linden-blvd-elmont/1200189,1200189,Signature Sides,Red Beans & Rice,$4.69+
https://www.grubhub.com/restaurant/popeyes-239-25-linden-blvd-elmont/1200189,1200189,Signature Sides,Mashed Potatoes with Cajun Gravy,$4.69+
https://www.grubhub.com/restaurant/popeyes-239-25-linden-blvd-elmont/1200189,1200189,Signature Sides,NEW! TRUFF Spicy Mayo Side,$1.19
https://www.grubhub.com/restaurant/popeyes-239-25-linden-blvd-elmont/1200189,1200189,Dipping Sauces,Honey Lemon Pepper Sauce,$0.99
https://www.grubhub.com/restaurant/popeyes-239-25-linden-blvd-elmont/1200189,1200189,Dipping Sauces,Signature Hot Wing Sauce,$0.89
https://www.grubhub.com/restaurant/popeyes-239-25-linden-blvd-elmont/1200189,1200189,Dipping Sauces,Sweet and Spicy Wings Sauce,$0.89
https://www.grubhub.com/restaurant/popeyes-239-25-linden-blvd-elmont/1200189,1200189,Dipping Sauces,Bold BQ Sauce,$0.59
https://www.grubhub.com/restaurant/popeyes-239-25-linden-blvd-elmont/1200189,1200189,Dipping Sauces,Buttermilk Ranch Sauce,$0.59
https://www.grubhub.com/restaurant/popeyes-239-25-linden-blvd-elmont/1200189,1200189,Dipping Sauces,Bayou Buffalo Sauce,$0.59
https://www.grubhub.com/restaurant/popeyes-239-25-linden-blvd-elmont/1200189,1200189,Dipping Sauces,Mardi Gras Mustard,$0.59
https://www.grubhub.com/restaurant/popeyes-239-25-linden-blvd-elmont/1200189,1200189,Dipping Sauces,Blackened Ranch Sauce,$0.59
https://www.grubhub.com/restaurant/popeyes-239-25-linden-blvd-elmont/1200189,1200189,Dipping Sauces,Wild Honey Mustard,$0.59
https://www.grubhub.com/restaurant/popeyes-239-25-linden-blvd-elmont/1200189,1200189,Dipping Sauces,Sweet Heat Sauce,$0.59
https://www.grubhub.com/restaurant/popeyes-239-25-linden-blvd-elmont/1200189,1200189,Dipping Sauces,Tartar Sauce,$0.59
https://www.grubhub.com/restaurant/popeyes-239-25-linden-blvd-elmont/1200189,1200189,Dipping Sauces,Cocktail Sauce,$0.59
https://www.grubhub.com/restaurant/popeyes-239-25-linden-blvd-elmont/1200189,1200189,Desserts,Oreo Cheesecake Cup,$4.69
https://www.grubhub.com/restaurant/popeyes-239-25-linden-blvd-elmont/1200189,1200189,Desserts,Strawberry Biscuits,$2.19
https://www.grubhub.com/restaurant/popeyes-239-25-linden-blvd-elmont/1200189,1200189,Desserts,2Pc Strawberry Biscuits,$3.69
https://www.grubhub.com/restaurant/popeyes-239-25-linden-blvd-elmont/1200189,1200189,Desserts,4Pc Strawberry Biscuits,$6.69
https://www.grubhub.com/restaurant/popeyes-239-25-linden-blvd-elmont/1200189,1200189,Desserts,Cinnamon Apple Pie,$2.29
https://www.grubhub.com/restaurant/popeyes-239-25-linden-blvd-elmont/1200189,1200189,Beverages,Frozen Premium Lemonade,$4.69
https://www.grubhub.com/restaurant/popeyes-239-25-linden-blvd-elmont/1200189,1200189,Beverages,Chilled Premium Lemonade,$4.69
https://www.grubhub.com/restaurant/popeyes-239-25-linden-blvd-elmont/1200189,1200189,Beverages,Chilled Strawberry Premium Lemonade,$4.69
https://www.grubhub.com/restaurant/popeyes-239-25-linden-blvd-elmont/1200189,1200189,Beverages,Frozen Strawberry Premium Lemonade,$4.69
https://www.grubhub.com/restaurant/popeyes-239-25-linden-blvd-elmont/1200189,1200189,Beverages,Chilled Mango Premium Lemonade,$4.69
https://www.grubhub.com/restaurant/popeyes-239-25-linden-blvd-elmont/1200189,1200189,Beverages,Frozen Mango Premium Lemonade,$4.69
https://www.grubhub.com/restaurant/popeyes-239-25-linden-blvd-elmont/1200189,1200189,Beverages,Cane Sweeeet Iced Tea®,$3.69+
https://www.grubhub.com/restaurant/popeyes-239-25-linden-blvd-elmont/1200189,1200189,Beverages,Unsweetened Iced Tea,$3.69+
https://www.grubhub.com/restaurant/popeyes-239-25-linden-blvd-elmont/1200189,1200189,Beverages,Coca-Cola®,$3.69+
https://www.grubhub.com/restaurant/popeyes-239-25-linden-blvd-elmont/1200189,1200189,Beverages,Diet Coke®,$3.69+
https://www.grubhub.com/restaurant/popeyes-239-25-linden-blvd-elmont/1200189,1200189,Beverages,Sprite®,$3.69+
https://www.grubhub.com/restaurant/popeyes-239-25-linden-blvd-elmont/1200189,1200189,Beverages,Fanta Strawberry®,$3.69+
https://www.grubhub.com/restaurant/popeyes-239-25-linden-blvd-elmont/1200189,1200189,Beverages,Fanta Orange®,$3.69+
https://www.grubhub.com/restaurant/popeyes-239-25-linden-blvd-elmont/1200189,1200189,Beverages,Minute Maid Lemonade®,$3.69+
https://www.grubhub.com/restaurant/honeybrains-372-lafayette-st-new-york/2038483,2038483,Flat Breads,Avocado Flat Bread,$9.50+
https://www.grubhub.com/restaurant/honeybrains-372-lafayette-st-new-york/2038483,2038483,Flat Breads,Smoked Salmon Flat Bread,$9.50+
https://www.grubhub.com/restaurant/honeybrains-372-lafayette-st-new-york/2038483,2038483,Flat Breads,Yogurt & Honey Flat Bread,$9.50+
https://www.grubhub.com/restaurant/honeybrains-372-lafayette-st-new-york/2038483,2038483,Brain Bowls,Best Seller,$16.00
https://www.grubhub.com/restaurant/honeybrains-372-lafayette-st-new-york/2038483,2038483,Brain Bowls,Bowl of the Month,$16.75
https://www.grubhub.com/restaurant/honeybrains-372-lafayette-st-new-york/2038483,2038483,Brain Bowls,Salmon & Sweet Potatoes,$16.75
https://www.grubhub.com/restaurant/honeybrains-372-lafayette-st-new-york/2038483,2038483,Brain Bowls,Jerk Salmon,$16.75
https://www.grubhub.com/restaurant/honeybrains-372-lafayette-st-new-york/2038483,2038483,Brain Bowls,Pulled Steak Burrito Bowl,$16.75
https://www.grubhub.com/restaurant/honeybrains-372-lafayette-st-new-york/2038483,2038483,Brain Bowls,Steak & Mash,$16.75
https://www.grubhub.com/restaurant/honeybrains-372-lafayette-st-new-york/2038483,2038483,Salads,Cobb Salad,$16.50
https://www.grubhub.com/restaurant/honeybrains-372-lafayette-st-new-york/2038483,2038483,Salads,Farm Salad,$16.50
https://www.grubhub.com/restaurant/honeybrains-372-lafayette-st-new-york/2038483,2038483,Salads,Best Seller,$15.75
https://www.grubhub.com/restaurant/honeybrains-372-lafayette-st-new-york/2038483,2038483,Sandwiches,HB Signature Sandwich,$15.50
https://www.grubhub.com/restaurant/honeybrains-372-lafayette-st-new-york/2038483,2038483,Sandwiches,Tuna Sandwich,$13.50
https://www.grubhub.com/restaurant/honeybrains-372-lafayette-st-new-york/2038483,2038483,Healthful Snacks,Banana,$2.00
https://www.grubhub.com/restaurant/honeybrains-372-lafayette-st-new-york/2038483,2038483,Healthful Snacks,HB Hummus Cup,$7.00
https://www.grubhub.com/restaurant/honeybrains-372-lafayette-st-new-york/2038483,2038483,Healthful Snacks,Best Seller,$7.00
https://www.grubhub.com/restaurant/honeybrains-372-lafayette-st-new-york/2038483,2038483,Healthful Snacks,Peanut Butter & Banana,$8.00
https://www.grubhub.com/restaurant/honeybrains-372-lafayette-st-new-york/2038483,2038483,Healthful Snacks,Greek Yogurt,$7.50
https://www.grubhub.com/restaurant/honeybrains-372-lafayette-st-new-york/2038483,2038483,Sides,8 Minute Egg,$2.50
https://www.grubhub.com/restaurant/honeybrains-372-lafayette-st-new-york/2038483,2038483,Sides,Chicken Breast Side,$7.00
https://www.grubhub.com/restaurant/honeybrains-372-lafayette-st-new-york/2038483,2038483,Sides,Chicken Schnitzel Side,$7.00
https://www.grubhub.com/restaurant/honeybrains-372-lafayette-st-new-york/2038483,2038483,Sides,Garlic Mashed Potatoes,$6.00
https://www.grubhub.com/restaurant/honeybrains-372-lafayette-st-new-york/2038483,2038483,Sides,Half Avocado,$6.00
https://www.grubhub.com/restaurant/honeybrains-372-lafayette-st-new-york/2038483,2038483,Sides,Himalayan Ruby Rice,$6.00
https://www.grubhub.com/restaurant/honeybrains-372-lafayette-st-new-york/2038483,2038483,Sides,Honey Side,$0.50
https://www.grubhub.com/restaurant/honeybrains-372-lafayette-st-new-york/2038483,2038483,Sides,Lemon Tuscan Kale,$6.00
https://www.grubhub.com/restaurant/honeybrains-372-lafayette-st-new-york/2038483,2038483,Sides,Plain Hummus,$5.00
https://www.grubhub.com/restaurant/honeybrains-372-lafayette-st-new-york/2038483,2038483,Sides,Pulled Chicken Side,$7.00
https://www.grubhub.com/restaurant/honeybrains-372-lafayette-st-new-york/2038483,2038483,Soup,Seasonal Soup,$7.50
https://www.grubhub.com/restaurant/honeybrains-372-lafayette-st-new-york/2038483,2038483,Specialty Drinks,Nut & Honey Latte,$5.50
https://www.grubhub.com/restaurant/honeybrains-372-lafayette-st-new-york/2038483,2038483,Specialty Drinks,Belgian Hot Chocolate,$5.00
https://www.grubhub.com/restaurant/honeybrains-372-lafayette-st-new-york/2038483,2038483,Specialty Drinks,Golden Milk Latte,$5.50+
https://www.grubhub.com/restaurant/honeybrains-372-lafayette-st-new-york/2038483,2038483,Specialty Drinks,Hibiscus Sunset,$5.50
https://www.grubhub.com/restaurant/honeybrains-372-lafayette-st-new-york/2038483,2038483,Specialty Drinks,Matcha for Life,$6.25
https://www.grubhub.com/restaurant/honeybrains-372-lafayette-st-new-york/2038483,2038483,Specialty Drinks,Green Tea Refresh,$5.25
https://www.grubhub.com/restaurant/honeybrains-372-lafayette-st-new-york/2038483,2038483,Specialty Drinks,London Fog Tea,$5.25
https://www.grubhub.com/restaurant/honeybrains-372-lafayette-st-new-york/2038483,2038483,Specialty Drinks,Lemonade Kick,$5.25
https://www.grubhub.com/restaurant/honeybrains-372-lafayette-st-new-york/2038483,2038483,Specialty Drinks,Fruit Infused Iced Teas,$5.25
https://www.grubhub.com/restaurant/honeybrains-372-lafayette-st-new-york/2038483,2038483,Coffee & Teas,Americano,$4.00
https://www.grubhub.com/restaurant/honeybrains-372-lafayette-st-new-york/2038483,2038483,Coffee & Teas,Assorted Teas,$4.25
https://www.grubhub.com/restaurant/honeybrains-372-lafayette-st-new-york/2038483,2038483,Coffee & Teas,Cafe au Lait,$4.50
https://www.grubhub.com/restaurant/honeybrains-372-lafayette-st-new-york/2038483,2038483,Coffee & Teas,Cafe Latte,$5.00
https://www.grubhub.com/restaurant/honeybrains-372-lafayette-st-new-york/2038483,2038483,Coffee & Teas,Cafe Mocha,$5.50
https://www.grubhub.com/restaurant/honeybrains-372-lafayette-st-new-york/2038483,2038483,Coffee & Teas,Cappuccino,$5.00
https://www.grubhub.com/restaurant/honeybrains-372-lafayette-st-new-york/2038483,2038483,Coffee & Teas,ChagaChino,$3.50
https://www.grubhub.com/restaurant/honeybrains-372-lafayette-st-new-york/2038483,2038483,Coffee & Teas,Chai Latte,$5.00
https://www.grubhub.com/restaurant/honeybrains-372-lafayette-st-new-york/2038483,2038483,Coffee & Teas,Drip Coffee,$3.75
https://www.grubhub.com/restaurant/honeybrains-372-lafayette-st-new-york/2038483,2038483,Coffee & Teas,Espresso,$4.25
https://www.grubhub.com/restaurant/honeybrains-372-lafayette-st-new-york/2038483,2038483,Coffee & Teas,Honey Toddy,$4.50
https://www.grubhub.com/restaurant/honeybrains-372-lafayette-st-new-york/2038483,2038483,Coffee & Teas,Hot Water & Lemon,$0.50
https://www.grubhub.com/restaurant/honeybrains-372-lafayette-st-new-york/2038483,2038483,Coffee & Teas,Organic Matcha Latte,$5.75
https://www.grubhub.com/restaurant/honeybrains-372-lafayette-st-new-york/2038483,2038483,Coffee & Teas,Organic Matcha Tea,$5.50
https://www.grubhub.com/restaurant/honeybrains-372-lafayette-st-new-york/2038483,2038483,Coffee & Teas,Red Eye,$5.00
https://www.grubhub.com/restaurant/honeybrains-372-lafayette-st-new-york/2038483,2038483,HB Juice,Ginseng Mind,$10.95
https://www.grubhub.com/restaurant/honeybrains-372-lafayette-st-new-york/2038483,2038483,HB Juice,Kickstart,$10.95
https://www.grubhub.com/restaurant/honeybrains-372-lafayette-st-new-york/2038483,2038483,HB Juice,Green Boost,$10.95
https://www.grubhub.com/restaurant/honeybrains-372-lafayette-st-new-york/2038483,2038483,HB Juice,Citrus Rosemary,$10.95
https://www.grubhub.com/restaurant/honeybrains-372-lafayette-st-new-york/2038483,2038483,HB Juice,Happy Greens,$10.95
https://www.grubhub.com/restaurant/honeybrains-372-lafayette-st-new-york/2038483,2038483,HB Juice,Ginger Shot,$5.50
https://www.grubhub.com/restaurant/honeybrains-372-lafayette-st-new-york/2038483,2038483,Drinks,Spin Drift,$4.50
https://www.grubhub.com/restaurant/honeybrains-372-lafayette-st-new-york/2038483,2038483,Drinks,Kombucha,$8.00
https://www.grubhub.com/restaurant/honeybrains-372-lafayette-st-new-york/2038483,2038483,Drinks,Poppi,$4.75
https://www.grubhub.com/restaurant/honeybrains-372-lafayette-st-new-york/2038483,2038483,Drinks,Saratoga Sparkling,$4.50
https://www.grubhub.com/restaurant/honeybrains-372-lafayette-st-new-york/2038483,2038483,Drinks,Saratoga Still,$4.50
https://www.grubhub.com/restaurant/honeybrains-372-lafayette-st-new-york/2038483,2038483,Drinks,Small Iced Water Cup,$0.25
https://www.grubhub.com/restaurant/honeybrains-372-lafayette-st-new-york/2038483,2038483,Drinks,Orange Juice,$4.75
https://www.grubhub.com/restaurant/honeybrains-372-lafayette-st-new-york/2038483,2038483,Homemade HB,HB Granola,$10.00
https://www.grubhub.com/restaurant/honeybrains-372-lafayette-st-new-york/2038483,2038483,Pastries,Snicker Doodle cookie,$4.52
https://www.grubhub.com/restaurant/honeybrains-372-lafayette-st-new-york/2038483,2038483,Pastries,Chocolate chip cookie,$4.52
https://www.grubhub.com/restaurant/honeybrains-372-lafayette-st-new-york/2038483,2038483,Snacks,Banana,$1.00
https://www.grubhub.com/restaurant/honeybrains-372-lafayette-st-new-york/2038483,2038483,Snacks,Banana Plantain Chips,$5.95
https://www.grubhub.com/restaurant/honeybrains-372-lafayette-st-new-york/2038483,2038483,Snacks,Fruit IQ,$5.95
https://www.grubhub.com/restaurant/honeybrains-372-lafayette-st-new-york/2038483,2038483,Snacks,small Hippeas puff,$2.16
https://www.grubhub.com/restaurant/honeybrains-372-lafayette-st-new-york/2038483,2038483,Snacks,Hu Chocolate Bars,$8.95
https://www.grubhub.com/restaurant/honeybrains-372-lafayette-st-new-york/2038483,2038483,Snacks,Hu Chocolate Gems,$9.95
https://www.grubhub.com/restaurant/honeybrains-372-lafayette-st-new-york/2038483,2038483,Snacks,Justins PB Cups,$5.95
https://www.grubhub.com/restaurant/honeybrains-372-lafayette-st-new-york/2038483,2038483,Snacks,small tortilla chips,$3.00
https://www.grubhub.com/restaurant/honeybrains-372-lafayette-st-new-york/2038483,2038483,Snacks,Made Good Bar,$3.95
https://www.grubhub.com/restaurant/honeybrains-372-lafayette-st-new-york/2038483,2038483,Snacks,Mavuno Cashews,$9.52
https://www.grubhub.com/restaurant/honeybrains-372-lafayette-st-new-york/2038483,2038483,Honey,Honeybrains Wildflower Honey,$16.00
https://www.grubhub.com/restaurant/honeybrains-372-lafayette-st-new-york/2038483,2038483,Honey,Honeybrains Urban Honey,$35.00
https://www.grubhub.com/restaurant/honeybrains-372-lafayette-st-new-york/2038483,2038483,Honey,Mieli Thun Eucalyptus,$20.00
https://www.grubhub.com/restaurant/honeybrains-372-lafayette-st-new-york/2038483,2038483,Honey,Rare Hawaiian Lilikoi,$25.95
https://www.grubhub.com/restaurant/honeybrains-372-lafayette-st-new-york/2038483,2038483,Honey,Rare Hawaiian Ginger,$25.95
https://www.grubhub.com/restaurant/honeybrains-372-lafayette-st-new-york/2038483,2038483,Honey,Manuka Squeeze,$46.00
https://www.grubhub.com/restaurant/honeybrains-372-lafayette-st-new-york/2038483,2038483,Honey,Mieli Thuni Honeydew,$20.00
https://www.grubhub.com/restaurant/honeybrains-372-lafayette-st-new-york/2038483,2038483,Honey,Miele Floral Apple Tree,$24.00
https://www.grubhub.com/restaurant/honeybrains-372-lafayette-st-new-york/2038483,2038483,Honey,White Gold,$22.95
https://www.grubhub.com/restaurant/honeybrains-372-lafayette-st-new-york/2038483,2038483,Honey,Wedderspoon Raw Rata Honey,$37.00
https://www.grubhub.com/restaurant/honeybrains-372-lafayette-st-new-york/2038483,2038483,Retail,BLXR Brain Fuel Single Shot,$10.00
https://www.grubhub.com/restaurant/honeybrains-372-lafayette-st-new-york/2038483,2038483,Retail,BLXR Throat Spray,$15.00
https://www.grubhub.com/restaurant/honeybrains-372-lafayette-st-new-york/2038483,2038483,Retail,Skateboard,$50.00
https://www.grubhub.com/restaurant/honeybrains-372-lafayette-st-new-york/2038483,2038483,Retail,10 Cent Bag,$0.10
https://www.grubhub.com/restaurant/veselka-144-2nd-ave-new-york-city/312813,312813,Varenyky/Pierogi,Best Seller,$10.00+
https://www.grubhub.com/restaurant/veselka-144-2nd-ave-new-york-city/312813,312813,Varenyky/Pierogi,Best Seller,$18.00+
https://www.grubhub.com/restaurant/veselka-144-2nd-ave-new-york-city/312813,312813,Varenyky/Pierogi,Classic Pierogi 12*,$21.00+
https://www.grubhub.com/restaurant/veselka-144-2nd-ave-new-york-city/312813,312813,Varenyky/Pierogi,Short Rib Pierogi,$11.00+
https://www.grubhub.com/restaurant/veselka-144-2nd-ave-new-york-city/312813,312813,Varenyky/Pierogi,WCK Bowl,$21.00
https://www.grubhub.com/restaurant/veselka-144-2nd-ave-new-york-city/312813,312813,Soups,Ukrainian Borscht - Pint,$10.00
https://www.grubhub.com/restaurant/veselka-144-2nd-ave-new-york-city/312813,312813,Soups,Ukrainian Borscht - Quart,$16.00
https://www.grubhub.com/restaurant/veselka-144-2nd-ave-new-york-city/312813,312813,Soups,Chicken Noodle Soup - Pint,$10.00
https://www.grubhub.com/restaurant/veselka-144-2nd-ave-new-york-city/312813,312813,Soups,Best Seller,$15.00
https://www.grubhub.com/restaurant/veselka-144-2nd-ave-new-york-city/312813,312813,Soups,Matzoh Ball - Pint,$10.00
https://www.grubhub.com/restaurant/veselka-144-2nd-ave-new-york-city/312813,312813,Soups,Matzoh Ball - Quart,$15.00
https://www.grubhub.com/restaurant/veselka-144-2nd-ave-new-york-city/312813,312813,Soups,Vegetable Soup - Pint,$10.00
https://www.grubhub.com/restaurant/veselka-144-2nd-ave-new-york-city/312813,312813,Soups,Vegetable Soup - Quart,$16.00
https://www.grubhub.com/restaurant/veselka-144-2nd-ave-new-york-city/312813,312813,Soups,Extra Matzoh Ball,$3.00
https://www.grubhub.com/restaurant/veselka-144-2nd-ave-new-york-city/312813,312813,Soups,Vegetarian Borscht - Pint,$10.00
https://www.grubhub.com/restaurant/veselka-144-2nd-ave-new-york-city/312813,312813,Soups,Lentil Soup - Pint,$10.00
https://www.grubhub.com/restaurant/veselka-144-2nd-ave-new-york-city/312813,312813,Soups,Lentil Soup - Quart,$16.00
https://www.grubhub.com/restaurant/veselka-144-2nd-ave-new-york-city/312813,312813,Soups,Mushroom Barley - Quart,$16.00
https://www.grubhub.com/restaurant/veselka-144-2nd-ave-new-york-city/312813,312813,Soups,Mushroom Barley - Pint,$10.00
https://www.grubhub.com/restaurant/veselka-144-2nd-ave-new-york-city/312813,312813,Veselka Classics,Beef Stroganoff,$28.00
https://www.grubhub.com/restaurant/veselka-144-2nd-ave-new-york-city/312813,312813,Veselka Classics,Best Seller,$24.00
https://www.grubhub.com/restaurant/veselka-144-2nd-ave-new-york-city/312813,312813,Veselka Classics,Ola's Famous Veal Goulash,$29.00
https://www.grubhub.com/restaurant/veselka-144-2nd-ave-new-york-city/312813,312813,Veselka Classics,Mixed Ukrainian Grill,$27.00
https://www.grubhub.com/restaurant/veselka-144-2nd-ave-new-york-city/312813,312813,Veselka Classics,Bigos,$25.00
https://www.grubhub.com/restaurant/veselka-144-2nd-ave-new-york-city/312813,312813,Veselka Classics,Chicken Paprikash,$26.00
https://www.grubhub.com/restaurant/veselka-144-2nd-ave-new-york-city/312813,312813,Veselka Combos,Meat Plate Combo,$26.00
https://www.grubhub.com/restaurant/veselka-144-2nd-ave-new-york-city/312813,312813,Veselka Combos,Deluxe Meat Combo,$29.00
https://www.grubhub.com/restaurant/veselka-144-2nd-ave-new-york-city/312813,312813,Veselka Combos,Vegetarian Combo Plate,$24.00
https://www.grubhub.com/restaurant/veselka-144-2nd-ave-new-york-city/312813,312813,Veselka Combos,Deluxe Vegetarian Combo,$25.00
https://www.grubhub.com/restaurant/veselka-144-2nd-ave-new-york-city/312813,312813,Potato Pancakes,Single Potato Pancake,$7.00
https://www.grubhub.com/restaurant/veselka-144-2nd-ave-new-york-city/312813,312813,Potato Pancakes,Potato Pancake Plate,$18.00
https://www.grubhub.com/restaurant/veselka-144-2nd-ave-new-york-city/312813,312813,Potato Pancakes,Potato Pancake Combo Plate,$20.00
https://www.grubhub.com/restaurant/veselka-144-2nd-ave-new-york-city/312813,312813,Blintzes,Blintz Single,$10.00
https://www.grubhub.com/restaurant/veselka-144-2nd-ave-new-york-city/312813,312813,Blintzes,Blintz Plate,$18.00
https://www.grubhub.com/restaurant/veselka-144-2nd-ave-new-york-city/312813,312813,Blintzes,Fruit Salad w/Blintz,$15.00
https://www.grubhub.com/restaurant/veselka-144-2nd-ave-new-york-city/312813,312813,Sandwiches,Veselka's Reuben,$20.00
https://www.grubhub.com/restaurant/veselka-144-2nd-ave-new-york-city/312813,312813,Sandwiches,Madame Alexander,$18.00
https://www.grubhub.com/restaurant/veselka-144-2nd-ave-new-york-city/312813,312813,Sandwiches,Schnitzel Sandwich,$19.00
https://www.grubhub.com/restaurant/veselka-144-2nd-ave-new-york-city/312813,312813,Sandwiches,Grilled Cheese Sandwich,$14.00+
https://www.grubhub.com/restaurant/veselka-144-2nd-ave-new-york-city/312813,312813,Sandwiches,Tuna Melt,$19.00+
https://www.grubhub.com/restaurant/veselka-144-2nd-ave-new-york-city/312813,312813,Sandwiches,Tuna Salad Sandwich,$17.00+
https://www.grubhub.com/restaurant/veselka-144-2nd-ave-new-york-city/312813,312813,Sandwiches,Chicken Salad Sandwich,$17.00+
https://www.grubhub.com/restaurant/veselka-144-2nd-ave-new-york-city/312813,312813,Sandwiches,BLT,$16.00+
https://www.grubhub.com/restaurant/veselka-144-2nd-ave-new-york-city/312813,312813,Sandwiches,Smoked Turkey BLT,$20.00+
https://www.grubhub.com/restaurant/veselka-144-2nd-ave-new-york-city/312813,312813,Burgers,Burger,$18.00
https://www.grubhub.com/restaurant/veselka-144-2nd-ave-new-york-city/312813,312813,Burgers,Veggie Burger,$16.00
https://www.grubhub.com/restaurant/veselka-144-2nd-ave-new-york-city/312813,312813,Burgers,Salmon Burger,$21.00
https://www.grubhub.com/restaurant/veselka-144-2nd-ave-new-york-city/312813,312813,Salads,East Village Spinach Salad,$21.00
https://www.grubhub.com/restaurant/veselka-144-2nd-ave-new-york-city/312813,312813,Salads,Salad - Beet & Goat Cheese,$20.00
https://www.grubhub.com/restaurant/veselka-144-2nd-ave-new-york-city/312813,312813,Salads,Salad - Lentil Salad,$20.00
https://www.grubhub.com/restaurant/veselka-144-2nd-ave-new-york-city/312813,312813,Salads,Salad - Tuna Salad & Greens,$19.00
https://www.grubhub.com/restaurant/veselka-144-2nd-ave-new-york-city/312813,312813,Salads,Salad - Chicken Salad & Greens,$19.00
https://www.grubhub.com/restaurant/veselka-144-2nd-ave-new-york-city/312813,312813,Sides,Beet/Horseradish Salad,$7.00
https://www.grubhub.com/restaurant/veselka-144-2nd-ave-new-york-city/312813,312813,Sides,Steamed Broccoli/Cauliflower,$7.00
https://www.grubhub.com/restaurant/veselka-144-2nd-ave-new-york-city/312813,312813,Sides,Coleslaw,$7.00
https://www.grubhub.com/restaurant/veselka-144-2nd-ave-new-york-city/312813,312813,Sides,Egg Noodles,$7.00
https://www.grubhub.com/restaurant/veselka-144-2nd-ave-new-york-city/312813,312813,Sides,French Fries,$7.00
https://www.grubhub.com/restaurant/veselka-144-2nd-ave-new-york-city/312813,312813,Sides,Side Salad,$7.00
https://www.grubhub.com/restaurant/veselka-144-2nd-ave-new-york-city/312813,312813,Sides,Kasha,$7.00
https://www.grubhub.com/restaurant/veselka-144-2nd-ave-new-york-city/312813,312813,Sides,SD Mash Pot,$7.00
https://www.grubhub.com/restaurant/veselka-144-2nd-ave-new-york-city/312813,312813,Sides,SD Potato Salad,$7.00
https://www.grubhub.com/restaurant/veselka-144-2nd-ave-new-york-city/312813,312813,Sides,SD Pot Pancake,$7.00
https://www.grubhub.com/restaurant/veselka-144-2nd-ave-new-york-city/312813,312813,Sides,Sauerkraut,$7.00
https://www.grubhub.com/restaurant/veselka-144-2nd-ave-new-york-city/312813,312813,Sides,SD Halushky,$7.00
https://www.grubhub.com/restaurant/veselka-144-2nd-ave-new-york-city/312813,312813,Breakfast Sandwich,Custom Egg Sandwich,$4.00+
https://www.grubhub.com/restaurant/veselka-144-2nd-ave-new-york-city/312813,312813,Breakfast Sandwich,Classic Fried Egg Sandwich,$11.00+
https://www.grubhub.com/restaurant/veselka-144-2nd-ave-new-york-city/312813,312813,Breakfast Sandwich,Veselka's Special Fried Egg Sandwich,$12.00+
https://www.grubhub.com/restaurant/veselka-144-2nd-ave-new-york-city/312813,312813,Breakfast Sandwich,Fried Egg with the Works Sandwich,$13.00+
https://www.grubhub.com/restaurant/veselka-144-2nd-ave-new-york-city/312813,312813,Breakfast Sandwich,Bagel w/Smoked Salmon,$18.00
https://www.grubhub.com/restaurant/veselka-144-2nd-ave-new-york-city/312813,312813,Eggs/Omelettes,Western Omelette,$16.00+
https://www.grubhub.com/restaurant/veselka-144-2nd-ave-new-york-city/312813,312813,Eggs/Omelettes,Mediteranean Omelette,$15.00
https://www.grubhub.com/restaurant/veselka-144-2nd-ave-new-york-city/312813,312813,Eggs/Omelettes,Omelette,$13.00
https://www.grubhub.com/restaurant/veselka-144-2nd-ave-new-york-city/312813,312813,Eggs/Omelettes,Two Eggs Any Style,$11.00+
https://www.grubhub.com/restaurant/veselka-144-2nd-ave-new-york-city/312813,312813,Eggs/Omelettes,Dbl Corn Beef Hash W/ Eggs,$17.00+
https://www.grubhub.com/restaurant/veselka-144-2nd-ave-new-york-city/312813,312813,Breakfast Sides,Side Bacon,$7.00
https://www.grubhub.com/restaurant/veselka-144-2nd-ave-new-york-city/312813,312813,Breakfast Sides,Side Kielbasa,$7.00
https://www.grubhub.com/restaurant/veselka-144-2nd-ave-new-york-city/312813,312813,Breakfast Sides,Side Corned Beef Hash,$14.00
https://www.grubhub.com/restaurant/veselka-144-2nd-ave-new-york-city/312813,312813,Breakfast Sides,Side Pork Sausage,$7.00
https://www.grubhub.com/restaurant/veselka-144-2nd-ave-new-york-city/312813,312813,Bakery and Desserts,Carrot Cake,$9.00
https://www.grubhub.com/restaurant/veselka-144-2nd-ave-new-york-city/312813,312813,Bakery and Desserts,Cheese Cake,$10.00
https://www.grubhub.com/restaurant/veselka-144-2nd-ave-new-york-city/312813,312813,Bakery and Desserts,Poppy Seed Bread,$6.00
https://www.grubhub.com/restaurant/veselka-144-2nd-ave-new-york-city/312813,312813,Bakery and Desserts,Brownie,$7.00
https://www.grubhub.com/restaurant/veselka-144-2nd-ave-new-york-city/312813,312813,Bakery and Desserts,Cookie B/Y,$6.00
https://www.grubhub.com/restaurant/veselka-144-2nd-ave-new-york-city/312813,312813,Bakery and Desserts,Apricot Raspberry Bar,$7.00
https://www.grubhub.com/restaurant/veselka-144-2nd-ave-new-york-city/312813,312813,Bakery and Desserts,Rice Krispy Treat,$4.00
https://www.grubhub.com/restaurant/veselka-144-2nd-ave-new-york-city/312813,312813,Bakery and Desserts,Chocolate Custard,$9.00
https://www.grubhub.com/restaurant/veselka-144-2nd-ave-new-york-city/312813,312813,Bakery and Desserts,Challah Loaf,$6.00
https://www.grubhub.com/restaurant/veselka-144-2nd-ave-new-york-city/312813,312813,Bakery and Desserts,Apple Crumb Cake,$9.00
https://www.grubhub.com/restaurant/veselka-144-2nd-ave-new-york-city/312813,312813,Bakery and Desserts,Medovyk,$10.00
https://www.grubhub.com/restaurant/veselka-144-2nd-ave-new-york-city/312813,312813,Coffee/Espr./Tea,Coffee,$3.00
https://www.grubhub.com/restaurant/veselka-144-2nd-ave-new-york-city/312813,312813,Coffee/Espr./Tea,Espresso Drinks,$6.00
https://www.grubhub.com/restaurant/veselka-144-2nd-ave-new-york-city/312813,312813,Soda/Juice,Soda,$3.00
https://www.grubhub.com/restaurant/veselka-144-2nd-ave-new-york-city/312813,312813,Soda/Juice,Juice,$5.00+
https://www.grubhub.com/restaurant/pantanos-kitchen-1308-broadway-hewlett/2809912,2809912,Our Specialties,The Guido-#1 Seller,$13.95+
https://www.grubhub.com/restaurant/pantanos-kitchen-1308-broadway-hewlett/2809912,2809912,Our Specialties,Sloppy Giuseppe,$13.95
https://www.grubhub.com/restaurant/pantanos-kitchen-1308-broadway-hewlett/2809912,2809912,Our Specialties,Il Bacio Sandwich,$13.95+
https://www.grubhub.com/restaurant/pantanos-kitchen-1308-broadway-hewlett/2809912,2809912,Our Specialties,Toyota Sandwich,$13.95+
https://www.grubhub.com/restaurant/pantanos-kitchen-1308-broadway-hewlett/2809912,2809912,Our Specialties,The Delivery Boy Special Sandwich,$13.95+
https://www.grubhub.com/restaurant/pantanos-kitchen-1308-broadway-hewlett/2809912,2809912,Our Specialties,Frank Sinatra Sandwich,$11.49+
https://www.grubhub.com/restaurant/pantanos-kitchen-1308-broadway-hewlett/2809912,2809912,Our Specialties,The Bomb Hero,$16.95
https://www.grubhub.com/restaurant/pantanos-kitchen-1308-broadway-hewlett/2809912,2809912,Our Specialties,Hollywood Sandwich,$13.95+
https://www.grubhub.com/restaurant/pantanos-kitchen-1308-broadway-hewlett/2809912,2809912,Our Specialties,Phil Special Sandwich,$14.95+
https://www.grubhub.com/restaurant/pantanos-kitchen-1308-broadway-hewlett/2809912,2809912,Our Specialties,The Pesci Sandwich,$13.95+
https://www.grubhub.com/restaurant/pantanos-kitchen-1308-broadway-hewlett/2809912,2809912,Our Specialties,The Joe D Sandwich,$13.95+
https://www.grubhub.com/restaurant/pantanos-kitchen-1308-broadway-hewlett/2809912,2809912,Our Specialties,The Tony Vota Sandwich,$14.95+
https://www.grubhub.com/restaurant/pantanos-kitchen-1308-broadway-hewlett/2809912,2809912,Our Specialties,The Italiano Sandwich,$14.95+
https://www.grubhub.com/restaurant/pantanos-kitchen-1308-broadway-hewlett/2809912,2809912,Our Specialties,The Jenny Sandwich,$13.95+
https://www.grubhub.com/restaurant/pantanos-kitchen-1308-broadway-hewlett/2809912,2809912,Our Specialties,The Burnside Sandwich,$12.49+
https://www.grubhub.com/restaurant/pantanos-kitchen-1308-broadway-hewlett/2809912,2809912,Our Specialties,Central Avenue Sandwich,$12.95+
https://www.grubhub.com/restaurant/pantanos-kitchen-1308-broadway-hewlett/2809912,2809912,Our Specialties,The Rao Sandwich,$13.95+
https://www.grubhub.com/restaurant/pantanos-kitchen-1308-broadway-hewlett/2809912,2809912,Our Specialties,The Boarder Sandwich,$12.95+
https://www.grubhub.com/restaurant/pantanos-kitchen-1308-broadway-hewlett/2809912,2809912,Our Specialties,The Michaelangelo Sandwich,$12.95+
https://www.grubhub.com/restaurant/pantanos-kitchen-1308-broadway-hewlett/2809912,2809912,Our Specialties,The 878 Sandwich,$10.95+
https://www.grubhub.com/restaurant/pantanos-kitchen-1308-broadway-hewlett/2809912,2809912,Our Specialties,The Smokey Joe Sandwich,$14.95+
https://www.grubhub.com/restaurant/pantanos-kitchen-1308-broadway-hewlett/2809912,2809912,Our Specialties,The Duke's Dip Sandwich,$17.95+
https://www.grubhub.com/restaurant/pantanos-kitchen-1308-broadway-hewlett/2809912,2809912,Breakfast Special,Jose Breakfast Burito,$11.99
https://www.grubhub.com/restaurant/pantanos-kitchen-1308-broadway-hewlett/2809912,2809912,Breakfast Special,Eggs on a Roll,$4.99+
https://www.grubhub.com/restaurant/pantanos-kitchen-1308-broadway-hewlett/2809912,2809912,Breakfast Special,Egg on a Roll with 1 Item,$6.99+
https://www.grubhub.com/restaurant/pantanos-kitchen-1308-broadway-hewlett/2809912,2809912,Breakfast Special,Egg on a Roll with 2 Items,$8.95+
https://www.grubhub.com/restaurant/pantanos-kitchen-1308-broadway-hewlett/2809912,2809912,Breakfast Special,The Lenny Sandwich,$8.95+
https://www.grubhub.com/restaurant/pantanos-kitchen-1308-broadway-hewlett/2809912,2809912,Breakfast Special,The Eye Opener Sandwich,$11.99+
https://www.grubhub.com/restaurant/pantanos-kitchen-1308-broadway-hewlett/2809912,2809912,Breakfast Special,Buon Giorno Panini,$10.95+
https://www.grubhub.com/restaurant/pantanos-kitchen-1308-broadway-hewlett/2809912,2809912,Breakfast Special,The Harbor Sandwich,$8.99+
https://www.grubhub.com/restaurant/pantanos-kitchen-1308-broadway-hewlett/2809912,2809912,Breakfast Special,BLT Sandwich,$9.99+
https://www.grubhub.com/restaurant/pantanos-kitchen-1308-broadway-hewlett/2809912,2809912,Breakfast Special,Big Boy Hero,$12.95
https://www.grubhub.com/restaurant/pantanos-kitchen-1308-broadway-hewlett/2809912,2809912,Breakfast Special,Egg White Special,$9.95+
https://www.grubhub.com/restaurant/pantanos-kitchen-1308-broadway-hewlett/2809912,2809912,Breakfast Special,Mark's Special,$8.95+
https://www.grubhub.com/restaurant/pantanos-kitchen-1308-broadway-hewlett/2809912,2809912,Breakfast Special,Sunrise Quesadilla,$13.95+
https://www.grubhub.com/restaurant/pantanos-kitchen-1308-broadway-hewlett/2809912,2809912,Breakfast Special,The A.M.azing- TOP SELLER,$12.95+
https://www.grubhub.com/restaurant/pantanos-kitchen-1308-broadway-hewlett/2809912,2809912,Beverages,Iced Tea,$4.50+
https://www.grubhub.com/restaurant/pantanos-kitchen-1308-broadway-hewlett/2809912,2809912,Beverages,Lemonade,$4.50+
https://www.grubhub.com/restaurant/pantanos-kitchen-1308-broadway-hewlett/2809912,2809912,Beverages,14 oz. Juice,$3.99
https://www.grubhub.com/restaurant/pantanos-kitchen-1308-broadway-hewlett/2809912,2809912,Beverages,Iced Coffee,$5.44+
https://www.grubhub.com/restaurant/pantanos-kitchen-1308-broadway-hewlett/2809912,2809912,Beverages,Small Bottled Water 16 oz.,$2.39
https://www.grubhub.com/restaurant/pantanos-kitchen-1308-broadway-hewlett/2809912,2809912,Beverages,Snapple 16 oz.,$3.69
https://www.grubhub.com/restaurant/pantanos-kitchen-1308-broadway-hewlett/2809912,2809912,Beverages,Gatorade,$3.49
https://www.grubhub.com/restaurant/pantanos-kitchen-1308-broadway-hewlett/2809912,2809912,Beverages,20 oz. Bottle,$3.69
https://www.grubhub.com/restaurant/pantanos-kitchen-1308-broadway-hewlett/2809912,2809912,Beverages,Arizona,$3.69
https://www.grubhub.com/restaurant/pantanos-kitchen-1308-broadway-hewlett/2809912,2809912,Beverages,14 oz. Nesquik Bottle,$3.69
https://www.grubhub.com/restaurant/pantanos-kitchen-1308-broadway-hewlett/2809912,2809912,Beverages,Stewart Soda,$3.69
https://www.grubhub.com/restaurant/pantanos-kitchen-1308-broadway-hewlett/2809912,2809912,Beverages,Hot Coffee,$3.00+
https://www.grubhub.com/restaurant/pantanos-kitchen-1308-broadway-hewlett/2809912,2809912,Beverages,Hot Tea,$2.99+
https://www.grubhub.com/restaurant/pantanos-kitchen-1308-broadway-hewlett/2809912,2809912,Egg Platters,3 Eggs Any Style Platter,$9.95+
https://www.grubhub.com/restaurant/pantanos-kitchen-1308-broadway-hewlett/2809912,2809912,Egg Platters,Vegetable Platter,$10.99+
https://www.grubhub.com/restaurant/pantanos-kitchen-1308-broadway-hewlett/2809912,2809912,Egg Platters,Western Platter,$10.95+
https://www.grubhub.com/restaurant/pantanos-kitchen-1308-broadway-hewlett/2809912,2809912,Breakfast on the Grill,French Toast,$9.95
https://www.grubhub.com/restaurant/pantanos-kitchen-1308-broadway-hewlett/2809912,2809912,Breakfast on the Grill,Heavenly French Toast,$12.95
https://www.grubhub.com/restaurant/pantanos-kitchen-1308-broadway-hewlett/2809912,2809912,Breakfast on the Grill,Grilled Cheese,$6.95+
https://www.grubhub.com/restaurant/pantanos-kitchen-1308-broadway-hewlett/2809912,2809912,Breakfast on the Grill,Oh My French Toast,$12.95
https://www.grubhub.com/restaurant/pantanos-kitchen-1308-broadway-hewlett/2809912,2809912,Breakfast on the Grill,Grilled Cheese Special,$12.95
https://www.grubhub.com/restaurant/pantanos-kitchen-1308-broadway-hewlett/2809912,2809912,Breakfast on the Grill,Ham and Egg Melt,$12.95
https://www.grubhub.com/restaurant/pantanos-kitchen-1308-broadway-hewlett/2809912,2809912,Breakfast on the Grill,Homemade Belgium Waffle,$8.99
https://www.grubhub.com/restaurant/pantanos-kitchen-1308-broadway-hewlett/2809912,2809912,Breakfast on the Grill,Panwich,$9.98
https://www.grubhub.com/restaurant/pantanos-kitchen-1308-broadway-hewlett/2809912,2809912,Breakfast on the Grill,The Ultimate Stack,$13.95
https://www.grubhub.com/restaurant/pantanos-kitchen-1308-broadway-hewlett/2809912,2809912,Breakfast on the Grill,Famous Banana Stack,$12.95
https://www.grubhub.com/restaurant/pantanos-kitchen-1308-broadway-hewlett/2809912,2809912,Breakfast on the Grill,3 Chocolate Chip Pancakes,$10.95
https://www.grubhub.com/restaurant/pantanos-kitchen-1308-broadway-hewlett/2809912,2809912,Breakfast on the Grill,Sunrise Quesidilla,$13.95
https://www.grubhub.com/restaurant/pantanos-kitchen-1308-broadway-hewlett/2809912,2809912,Breakfast on the Grill,3 Buttermilk Pancakes,$9.95
https://www.grubhub.com/restaurant/pantanos-kitchen-1308-broadway-hewlett/2809912,2809912,Breakfast Omelettes,Merrick Omelette,$12.95
https://www.grubhub.com/restaurant/pantanos-kitchen-1308-broadway-hewlett/2809912,2809912,Breakfast Omelettes,Mimmas Omelette,$12.95+
https://www.grubhub.com/restaurant/pantanos-kitchen-1308-broadway-hewlett/2809912,2809912,Breakfast Omelettes,Italian Omelette,$12.95+
https://www.grubhub.com/restaurant/pantanos-kitchen-1308-broadway-hewlett/2809912,2809912,Breakfast Omelettes,Greek Omelette,$12.95+
https://www.grubhub.com/restaurant/pantanos-kitchen-1308-broadway-hewlett/2809912,2809912,Breakfast Omelettes,Spanish Omelette,$12.95+
https://www.grubhub.com/restaurant/pantanos-kitchen-1308-broadway-hewlett/2809912,2809912,Breakfast Omelettes,American Omelette- TOP SELLER!!,$12.95+
https://www.grubhub.com/restaurant/pantanos-kitchen-1308-broadway-hewlett/2809912,2809912,Breakfast Omelettes,Boardwalk Omelette,$13.95+
https://www.grubhub.com/restaurant/pantanos-kitchen-1308-broadway-hewlett/2809912,2809912,Breakfast Sides,4 Piece Applewood Bacon,$5.25
https://www.grubhub.com/restaurant/pantanos-kitchen-1308-broadway-hewlett/2809912,2809912,Breakfast Sides,4 Piece Turkey Bacon,$4.99
https://www.grubhub.com/restaurant/pantanos-kitchen-1308-broadway-hewlett/2809912,2809912,Breakfast Sides,4 Piece Sausage Links,$4.75
https://www.grubhub.com/restaurant/pantanos-kitchen-1308-broadway-hewlett/2809912,2809912,Breakfast Sides,Home Fries,$5.25
https://www.grubhub.com/restaurant/pantanos-kitchen-1308-broadway-hewlett/2809912,2809912,Breakfast Sides,2 Hashbrowns,$4.49
https://www.grubhub.com/restaurant/pantanos-kitchen-1308-broadway-hewlett/2809912,2809912,Desserts and Treats,Yogurt Muffin,$3.79
https://www.grubhub.com/restaurant/pantanos-kitchen-1308-broadway-hewlett/2809912,2809912,Desserts and Treats,Crumb Cake,$3.79
https://www.grubhub.com/restaurant/pantanos-kitchen-1308-broadway-hewlett/2809912,2809912,Desserts and Treats,Brownie,$3.79
https://www.grubhub.com/restaurant/pantanos-kitchen-1308-broadway-hewlett/2809912,2809912,Desserts and Treats,Big Cookie,$3.99
https://www.grubhub.com/restaurant/pantanos-kitchen-1308-broadway-hewlett/2809912,2809912,Desserts and Treats,Rainbow Cookies,$3.89
https://www.grubhub.com/restaurant/pantanos-kitchen-1308-broadway-hewlett/2809912,2809912,Desserts and Treats,Pound Cake,$3.79
https://www.grubhub.com/restaurant/pantanos-kitchen-1308-broadway-hewlett/2809912,2809912,Appetizers,Crazy Tots,$10.95
https://www.grubhub.com/restaurant/pantanos-kitchen-1308-broadway-hewlett/2809912,2809912,Appetizers,4 Fried Cheese Ravioli,$11.95
https://www.grubhub.com/restaurant/pantanos-kitchen-1308-broadway-hewlett/2809912,2809912,Appetizers,Macaroni and Cheese,$9.95
https://www.grubhub.com/restaurant/pantanos-kitchen-1308-broadway-hewlett/2809912,2809912,Appetizers,4 Potato Skins,$10.95
https://www.grubhub.com/restaurant/pantanos-kitchen-1308-broadway-hewlett/2809912,2809912,Appetizers,6 Mozzarella Sticks,$12.95
https://www.grubhub.com/restaurant/pantanos-kitchen-1308-broadway-hewlett/2809912,2809912,Appetizers,5 Mini Crab Cakes,$12.95
https://www.grubhub.com/restaurant/pantanos-kitchen-1308-broadway-hewlett/2809912,2809912,Appetizers,Mashed Potatoes,$9.98+
https://www.grubhub.com/restaurant/pantanos-kitchen-1308-broadway-hewlett/2809912,2809912,Appetizers,4 Coconut Shrimp,$10.95
https://www.grubhub.com/restaurant/pantanos-kitchen-1308-broadway-hewlett/2809912,2809912,Chicken Appetizers,6 Piece Chicken Wings,$12.95
https://www.grubhub.com/restaurant/pantanos-kitchen-1308-broadway-hewlett/2809912,2809912,Chicken Appetizers,4 Chicken Fingers,$11.95
https://www.grubhub.com/restaurant/pantanos-kitchen-1308-broadway-hewlett/2809912,2809912,Chicken Appetizers,4 Buffalo Style Chicken Fingers,$12.95
https://www.grubhub.com/restaurant/pantanos-kitchen-1308-broadway-hewlett/2809912,2809912,Fries and Rings,Regular Fries,$5.49
https://www.grubhub.com/restaurant/pantanos-kitchen-1308-broadway-hewlett/2809912,2809912,Fries and Rings,Sweet Potato Fries,$7.99
https://www.grubhub.com/restaurant/pantanos-kitchen-1308-broadway-hewlett/2809912,2809912,Fries and Rings,Waffle Fries,$7.99
https://www.grubhub.com/restaurant/pantanos-kitchen-1308-broadway-hewlett/2809912,2809912,Fries and Rings,Willie Fries,$9.95
https://www.grubhub.com/restaurant/pantanos-kitchen-1308-broadway-hewlett/2809912,2809912,Fries and Rings,Beer Battered Onion Rings,$7.99
https://www.grubhub.com/restaurant/pantanos-kitchen-1308-broadway-hewlett/2809912,2809912,Fries and Rings,Tatar Tots,$5.95
https://www.grubhub.com/restaurant/pantanos-kitchen-1308-broadway-hewlett/2809912,2809912,Fries and Rings,Best Seller,$10.95
https://www.grubhub.com/restaurant/pantanos-kitchen-1308-broadway-hewlett/2809912,2809912,Homemade Soups,16 oz. Soup of the Day,$8.99
https://www.grubhub.com/restaurant/pantanos-kitchen-1308-broadway-hewlett/2809912,2809912,Homemade Soups,16 oz. Chicken Vegetable Soup,$8.99
https://www.grubhub.com/restaurant/pantanos-kitchen-1308-broadway-hewlett/2809912,2809912,Homemade Soups,16 oz. Split Pea Soup,$8.99
https://www.grubhub.com/restaurant/pantanos-kitchen-1308-broadway-hewlett/2809912,2809912,Homemade Soups,16 oz. Beef Barley Soup,$8.99
https://www.grubhub.com/restaurant/pantanos-kitchen-1308-broadway-hewlett/2809912,2809912,Homemade Soups,16 oz. Minestrone Soup,$8.99
https://www.grubhub.com/restaurant/pantanos-kitchen-1308-broadway-hewlett/2809912,2809912,P-licious Salads,Mr. Long Salad- LArge,$17.95+
https://www.grubhub.com/restaurant/pantanos-kitchen-1308-broadway-hewlett/2809912,2809912,P-licious Salads,Summer Salad- Large,$16.95+
https://www.grubhub.com/restaurant/pantanos-kitchen-1308-broadway-hewlett/2809912,2809912,P-licious Salads,Asian Salad-Large,$17.95+
https://www.grubhub.com/restaurant/pantanos-kitchen-1308-broadway-hewlett/2809912,2809912,P-licious Salads,Grilled Chicken Caesar Salad- Large,$17.95+
https://www.grubhub.com/restaurant/pantanos-kitchen-1308-broadway-hewlett/2809912,2809912,P-licious Salads,Freedman Salad- Large,$17.95+
https://www.grubhub.com/restaurant/pantanos-kitchen-1308-broadway-hewlett/2809912,2809912,P-licious Salads,Taco Salad Large only,$17.95+
https://www.grubhub.com/restaurant/pantanos-kitchen-1308-broadway-hewlett/2809912,2809912,P-licious Salads,Alyssa Salad- Large,$16.95+
https://www.grubhub.com/restaurant/pantanos-kitchen-1308-broadway-hewlett/2809912,2809912,P-licious Salads,BBQ Popcorn Shrimp Salad- large,$17.95+
https://www.grubhub.com/restaurant/pantanos-kitchen-1308-broadway-hewlett/2809912,2809912,P-licious Salads,Mary's Tuna Mish Salad- Large,$17.95+
https://www.grubhub.com/restaurant/pantanos-kitchen-1308-broadway-hewlett/2809912,2809912,P-licious Salads,Large Aqua Salad-Large,$17.95+
https://www.grubhub.com/restaurant/pantanos-kitchen-1308-broadway-hewlett/2809912,2809912,P-licious Salads,Long Beach Salad-Large,$20.95+
https://www.grubhub.com/restaurant/pantanos-kitchen-1308-broadway-hewlett/2809912,2809912,House Salads,Caesar Salad-Large,$12.95+
https://www.grubhub.com/restaurant/pantanos-kitchen-1308-broadway-hewlett/2809912,2809912,House Salads,House Salad-Large,$10.95+
https://www.grubhub.com/restaurant/pantanos-kitchen-1308-broadway-hewlett/2809912,2809912,House Salads,Greek Salad- Small,$11.95+
https://www.grubhub.com/restaurant/pantanos-kitchen-1308-broadway-hewlett/2809912,2809912,House Salads,Salad Supreme-Small,$11.95+
https://www.grubhub.com/restaurant/pantanos-kitchen-1308-broadway-hewlett/2809912,2809912,House Salads,The Gym Teacher Salad- Small,$12.95+
https://www.grubhub.com/restaurant/pantanos-kitchen-1308-broadway-hewlett/2809912,2809912,House Salads,Chef's Salad-Small,$12.95+
https://www.grubhub.com/restaurant/pantanos-kitchen-1308-broadway-hewlett/2809912,2809912,House Salads,Best Seller,$12.95+
https://www.grubhub.com/restaurant/pantanos-kitchen-1308-broadway-hewlett/2809912,2809912,House Salads,Warm Salad- Small,$12.95+
https://www.grubhub.com/restaurant/pantanos-kitchen-1308-broadway-hewlett/2809912,2809912,Wraps,LITTLE PJ WRAP- NEW CHOICE,$16.95
https://www.grubhub.com/restaurant/pantanos-kitchen-1308-broadway-hewlett/2809912,2809912,Wraps,THE DRUNK WRAP- BEST SELLER,$15.95
https://www.grubhub.com/restaurant/pantanos-kitchen-1308-broadway-hewlett/2809912,2809912,Wraps,Mac-Daddy-Wrap- TOP SELLER,$15.95
https://www.grubhub.com/restaurant/pantanos-kitchen-1308-broadway-hewlett/2809912,2809912,Wraps,Big John Wrap- Top 3 Selling Wrap,$15.95
https://www.grubhub.com/restaurant/pantanos-kitchen-1308-broadway-hewlett/2809912,2809912,Wraps,BIG TONY WRAP- TOP SELLER,$15.95
https://www.grubhub.com/restaurant/pantanos-kitchen-1308-broadway-hewlett/2809912,2809912,Wraps,The Perri Wrap,$17.95
https://www.grubhub.com/restaurant/pantanos-kitchen-1308-broadway-hewlett/2809912,2809912,Wraps,Bono Wrap,$14.95
https://www.grubhub.com/restaurant/pantanos-kitchen-1308-broadway-hewlett/2809912,2809912,Wraps,Bull Dog Wrap,$13.95
https://www.grubhub.com/restaurant/pantanos-kitchen-1308-broadway-hewlett/2809912,2809912,Wraps,Mezz Wrap,$13.95
https://www.grubhub.com/restaurant/pantanos-kitchen-1308-broadway-hewlett/2809912,2809912,Wraps,Broadway Wrap,$12.95
https://www.grubhub.com/restaurant/pantanos-kitchen-1308-broadway-hewlett/2809912,2809912,Wraps,Zebra Wrap,$12.95
https://www.grubhub.com/restaurant/pantanos-kitchen-1308-broadway-hewlett/2809912,2809912,Wraps,Taco Wrap,$15.95
https://www.grubhub.com/restaurant/pantanos-kitchen-1308-broadway-hewlett/2809912,2809912,Wraps,The Rob Wrap-Nice and Spicy!,$13.95
https://www.grubhub.com/restaurant/pantanos-kitchen-1308-broadway-hewlett/2809912,2809912,Wraps,The Stoner Wrap- Chicken Parm Wrap,$13.95
https://www.grubhub.com/restaurant/pantanos-kitchen-1308-broadway-hewlett/2809912,2809912,Wraps,Crispy Wrap,$9.95
https://www.grubhub.com/restaurant/pantanos-kitchen-1308-broadway-hewlett/2809912,2809912,Wraps,Amigo Wrap,$13.95
https://www.grubhub.com/restaurant/pantanos-kitchen-1308-broadway-hewlett/2809912,2809912,Wraps,The Mia Wrap,$13.95
https://www.grubhub.com/restaurant/pantanos-kitchen-1308-broadway-hewlett/2809912,2809912,Wraps,Terrific Teriyaki Wrap,$13.95
https://www.grubhub.com/restaurant/pantanos-kitchen-1308-broadway-hewlett/2809912,2809912,Wraps,The Five-O Wrap,$12.95
https://www.grubhub.com/restaurant/pantanos-kitchen-1308-broadway-hewlett/2809912,2809912,Wraps,The Asian Wrap,$13.95
https://www.grubhub.com/restaurant/pantanos-kitchen-1308-broadway-hewlett/2809912,2809912,Wraps,The Mr. Richie Wrap,$15.95
https://www.grubhub.com/restaurant/pantanos-kitchen-1308-broadway-hewlett/2809912,2809912,Wraps,The Great One Wrap,$13.95
https://www.grubhub.com/restaurant/pantanos-kitchen-1308-broadway-hewlett/2809912,2809912,Wraps,Portobello Wrap,$11.95
https://www.grubhub.com/restaurant/pantanos-kitchen-1308-broadway-hewlett/2809912,2809912,Wraps,Ruth's Wrap,$12.95
https://www.grubhub.com/restaurant/pantanos-kitchen-1308-broadway-hewlett/2809912,2809912,Wraps,Mona Lisa Wrap,$10.96
https://www.grubhub.com/restaurant/pantanos-kitchen-1308-broadway-hewlett/2809912,2809912,Wraps,Gittleson Wrap,$13.99
https://www.grubhub.com/restaurant/pantanos-kitchen-1308-broadway-hewlett/2809912,2809912,Hot Dogs,Hot Dog,$4.49
https://www.grubhub.com/restaurant/pantanos-kitchen-1308-broadway-hewlett/2809912,2809912,Hot Dogs,The BLT Dog,$7.95
https://www.grubhub.com/restaurant/pantanos-kitchen-1308-broadway-hewlett/2809912,2809912,Hot Dogs,The Coney Island Dog,$5.95
https://www.grubhub.com/restaurant/pantanos-kitchen-1308-broadway-hewlett/2809912,2809912,Hot Dogs,MAC DOG,$7.95
https://www.grubhub.com/restaurant/pantanos-kitchen-1308-broadway-hewlett/2809912,2809912,Pasta Specials,Penne alla Vodka,$19.95
https://www.grubhub.com/restaurant/pantanos-kitchen-1308-broadway-hewlett/2809912,2809912,Pasta Specials,Penne al Pesto,$16.95
https://www.grubhub.com/restaurant/pantanos-kitchen-1308-broadway-hewlett/2809912,2809912,Pasta Specials,Tortellini Alfredo,$19.95
https://www.grubhub.com/restaurant/pantanos-kitchen-1308-broadway-hewlett/2809912,2809912,Pasta Specials,Best Seller,$19.95
https://www.grubhub.com/restaurant/pantanos-kitchen-1308-broadway-hewlett/2809912,2809912,Pasta Specials,Penne with Grilled Chicken,$19.95
https://www.grubhub.com/restaurant/pantanos-kitchen-1308-broadway-hewlett/2809912,2809912,Pasta Specials,Louie's Favoirte,$15.95
https://www.grubhub.com/restaurant/pantanos-kitchen-1308-broadway-hewlett/2809912,2809912,Pasta Specials,Rigatoni Bolognese,$19.95
https://www.grubhub.com/restaurant/pantanos-kitchen-1308-broadway-hewlett/2809912,2809912,Baked Pasta,Baked Ziti,$18.95
https://www.grubhub.com/restaurant/pantanos-kitchen-1308-broadway-hewlett/2809912,2809912,Baked Pasta,Ravioli,$18.95
https://www.grubhub.com/restaurant/pantanos-kitchen-1308-broadway-hewlett/2809912,2809912,Dinner Specials,Steak Dinner Special,$22.95
https://www.grubhub.com/restaurant/pantanos-kitchen-1308-broadway-hewlett/2809912,2809912,Dinner Specials,Diner Special,$19.95
https://www.grubhub.com/restaurant/pantanos-kitchen-1308-broadway-hewlett/2809912,2809912,Dinner Specials,Chicken Parmigiana Dinner Special,$19.95+
https://www.grubhub.com/restaurant/pantanos-kitchen-1308-broadway-hewlett/2809912,2809912,Dinner Specials,My Mother-in-Law's Favorite Dinner Special,$21.95
https://www.grubhub.com/restaurant/pantanos-kitchen-1308-broadway-hewlett/2809912,2809912,Deli Favorites,The Harry Sandwich,$14.95+
https://www.grubhub.com/restaurant/pantanos-kitchen-1308-broadway-hewlett/2809912,2809912,Deli Favorites,Mike's Honey Turkey Sandwich- DELI FAVORITE!!,$14.95+
https://www.grubhub.com/restaurant/pantanos-kitchen-1308-broadway-hewlett/2809912,2809912,Deli Favorites,The Pantano Italian Special,$14.95+
https://www.grubhub.com/restaurant/pantanos-kitchen-1308-broadway-hewlett/2809912,2809912,Deli Favorites,The Jimmy Hoffa Sandwich American Combo,$14.95+
https://www.grubhub.com/restaurant/pantanos-kitchen-1308-broadway-hewlett/2809912,2809912,Deli Favorites,That's Amore Sandwich,$14.95+
https://www.grubhub.com/restaurant/pantanos-kitchen-1308-broadway-hewlett/2809912,2809912,Paninis,The Francisco Panini,$15.95
https://www.grubhub.com/restaurant/pantanos-kitchen-1308-broadway-hewlett/2809912,2809912,Paninis,Nonna Ursula Panini,$14.95
https://www.grubhub.com/restaurant/pantanos-kitchen-1308-broadway-hewlett/2809912,2809912,Paninis,The Carlo Panini,$14.95
https://www.grubhub.com/restaurant/pantanos-kitchen-1308-broadway-hewlett/2809912,2809912,Paninis,Nonna Rosa Panini,$14.95
https://www.grubhub.com/restaurant/pantanos-kitchen-1308-broadway-hewlett/2809912,2809912,Paninis,That's Italian Panini,$14.95
https://www.grubhub.com/restaurant/pantanos-kitchen-1308-broadway-hewlett/2809912,2809912,Paninis,The Milan Panini,$13.95
https://www.grubhub.com/restaurant/pantanos-kitchen-1308-broadway-hewlett/2809912,2809912,Paninis,The Cathy Panini,$14.95
https://www.grubhub.com/restaurant/pantanos-kitchen-1308-broadway-hewlett/2809912,2809912,Paninis,The Marco Panini,$13.95
https://www.grubhub.com/restaurant/pantanos-kitchen-1308-broadway-hewlett/2809912,2809912,Paninis,The Anderson Panini,$14.95
https://www.grubhub.com/restaurant/pantanos-kitchen-1308-broadway-hewlett/2809912,2809912,Paninis,The Turnpike Panini,$14.95
https://www.grubhub.com/restaurant/pantanos-kitchen-1308-broadway-hewlett/2809912,2809912,Paninis,The Calabrese Panini,$12.95
https://www.grubhub.com/restaurant/pantanos-kitchen-1308-broadway-hewlett/2809912,2809912,Paninis,The Vegas Panini,$11.95
https://www.grubhub.com/restaurant/pantanos-kitchen-1308-broadway-hewlett/2809912,2809912,Focaccia,The Felicia Focaccia,$14.95
https://www.grubhub.com/restaurant/pantanos-kitchen-1308-broadway-hewlett/2809912,2809912,Focaccia,Sicilian Focaccia,$14.95
https://www.grubhub.com/restaurant/pantanos-kitchen-1308-broadway-hewlett/2809912,2809912,Focaccia,The DeNiro Focaccia,$14.95
https://www.grubhub.com/restaurant/pantanos-kitchen-1308-broadway-hewlett/2809912,2809912,Focaccia,Bada Bing Focaccia,$14.95
https://www.grubhub.com/restaurant/pantanos-kitchen-1308-broadway-hewlett/2809912,2809912,Focaccia,Minute Man Focaccia,$14.95
https://www.grubhub.com/restaurant/pantanos-kitchen-1308-broadway-hewlett/2809912,2809912,Burgers,The Rachael Ray Burger- VEGAN,$16.95+
https://www.grubhub.com/restaurant/pantanos-kitchen-1308-broadway-hewlett/2809912,2809912,Burgers,The Big Al Burger- #1 selling burger,$13.95+
https://www.grubhub.com/restaurant/pantanos-kitchen-1308-broadway-hewlett/2809912,2809912,Burgers,The Fonzie Burger,$16.95+
https://www.grubhub.com/restaurant/pantanos-kitchen-1308-broadway-hewlett/2809912,2809912,Burgers,The Soprano Burger,$16.95+
https://www.grubhub.com/restaurant/pantanos-kitchen-1308-broadway-hewlett/2809912,2809912,Burgers,The Cajun Special Burger,$16.95+
https://www.grubhub.com/restaurant/pantanos-kitchen-1308-broadway-hewlett/2809912,2809912,Burgers,What-a-Burger,$16.95+
https://www.grubhub.com/restaurant/pantanos-kitchen-1308-broadway-hewlett/2809912,2809912,Burgers,Italian Burger- chicken burger,$16.95+
https://www.grubhub.com/restaurant/pantanos-kitchen-1308-broadway-hewlett/2809912,2809912,Burgers,7th Heaven Chicken Burger,$15.95+
https://www.grubhub.com/restaurant/pantanos-kitchen-1308-broadway-hewlett/2809912,2809912,Burgers,The Capone Turkey Burger,$16.95+
https://www.grubhub.com/restaurant/pantanos-kitchen-1308-broadway-hewlett/2809912,2809912,Build Your Own Burger,Build Your Own Burger,$8.99+
https://www.grubhub.com/restaurant/pantanos-kitchen-1308-broadway-hewlett/2809912,2809912,Hot Stuff,ROLANDO HERO- #1 Selling Hero!,$16.95
https://www.grubhub.com/restaurant/pantanos-kitchen-1308-broadway-hewlett/2809912,2809912,Hot Stuff,Quesadilla,$14.95+
https://www.grubhub.com/restaurant/pantanos-kitchen-1308-broadway-hewlett/2809912,2809912,Hot Stuff,Chicken Vodka Parm Hero,$15.95+
https://www.grubhub.com/restaurant/pantanos-kitchen-1308-broadway-hewlett/2809912,2809912,The Italian Corner,Chicken Cutlet Parmigiana Hero,$13.95
https://www.grubhub.com/restaurant/pantanos-kitchen-1308-broadway-hewlett/2809912,2809912,The Italian Corner,Chicken Vodka Parmigiana Hero,$15.95
https://www.grubhub.com/restaurant/pantanos-kitchen-1308-broadway-hewlett/2809912,2809912,The Italian Corner,Eggplant Parmigiana,$13.95
https://www.grubhub.com/restaurant/pantanos-kitchen-1308-broadway-hewlett/2809912,2809912,The Italian Corner,Meatball Parmigiana Hero,$13.95
https://www.grubhub.com/restaurant/pantanos-kitchen-1308-broadway-hewlett/2809912,2809912,The Italian Corner,Shrimp Parmigiana Hero,$15.95
https://www.grubhub.com/restaurant/pantanos-kitchen-1308-broadway-hewlett/2809912,2809912,Cheese Steaks,Philly Cheese Steak HERO,$14.95
https://www.grubhub.com/restaurant/pantanos-kitchen-1308-broadway-hewlett/2809912,2809912,Cheese Steaks,GrubFather HERO- BEST SELLER,$17.95
https://www.grubhub.com/restaurant/pantanos-kitchen-1308-broadway-hewlett/2809912,2809912,Cheese Steaks,New York Cheese Steak HERO,$14.95
https://www.grubhub.com/restaurant/pantanos-kitchen-1308-broadway-hewlett/2809912,2809912,Flat Breads,The Donna Flat Bread,$14.95+
https://www.grubhub.com/restaurant/pantanos-kitchen-1308-broadway-hewlett/2809912,2809912,Flat Breads,The Blazin' Bill Flat Bread,$14.95+
https://www.grubhub.com/restaurant/pantanos-kitchen-1308-broadway-hewlett/2809912,2809912,Pasta Lunch Special,Pasta Lunch Special,$13.95+
https://www.grubhub.com/restaurant/pantanos-kitchen-1308-broadway-hewlett/2809912,2809912,Acai Bowls,Acai Bowls,$8.99+
