Restaurant Link,Restaurant ID,Category,Dish Name,Dish Price,Location
https://www.grubhub.com/restaurant/eat-street-nyc-887-5th-avenue-brooklyn/6620528,6620528,Quick Bites,Jerk Chicken Empanadas,$8.50,eat-street-nyc-887-5th-avenue-brooklyn
https://www.grubhub.com/restaurant/eat-street-nyc-887-5th-avenue-brooklyn/6620528,6620528,Quick Bites,Chopped Cheese Empanadas,$9.00,eat-street-nyc-887-5th-avenue-brooklyn
https://www.grubhub.com/restaurant/eat-street-nyc-887-5th-avenue-brooklyn/6620528,6620528,Quick Bites,BBQ Pork Empanadas,$8.50,eat-street-nyc-887-5th-avenue-brooklyn
https://www.grubhub.com/restaurant/eat-street-nyc-887-5th-avenue-brooklyn/6620528,6620528,Quick Bites,Mushroom Empanadas,$8.50,eat-street-nyc-887-5th-avenue-brooklyn
https://www.grubhub.com/restaurant/eat-street-nyc-887-5th-avenue-brooklyn/6620528,6620528,Quick Bites,Cuban Empanadas,$8.50,eat-street-nyc-887-5th-avenue-brooklyn
https://www.grubhub.com/restaurant/eat-street-nyc-887-5th-avenue-brooklyn/6620528,6620528,Quick Bites,Classic Fries,$7.00,eat-street-nyc-887-5th-avenue-brooklyn
https://www.grubhub.com/restaurant/eat-street-nyc-887-5th-avenue-brooklyn/6620528,6620528,Quick Bites,Sweet Potato Fries,$7.00,eat-street-nyc-887-5th-avenue-brooklyn
https://www.grubhub.com/restaurant/eat-street-nyc-887-5th-avenue-brooklyn/6620528,6620528,Quick Bites,Truffle fries,$9.00,eat-street-nyc-887-5th-avenue-brooklyn
https://www.grubhub.com/restaurant/eat-street-nyc-887-5th-avenue-brooklyn/6620528,6620528,Quick Bites,Eat Street NYC Sunny Fries,$12.00,eat-street-nyc-887-5th-avenue-brooklyn
https://www.grubhub.com/restaurant/eat-street-nyc-887-5th-avenue-brooklyn/6620528,6620528,Quick Bites,Jerk Chicken Rasta Pasta,$14.00,eat-street-nyc-887-5th-avenue-brooklyn
https://www.grubhub.com/restaurant/eat-street-nyc-887-5th-avenue-brooklyn/6620528,6620528,Quick Bites,Avocado Smash Open Toast,$10.00,eat-street-nyc-887-5th-avenue-brooklyn
https://www.grubhub.com/restaurant/eat-street-nyc-887-5th-avenue-brooklyn/6620528,6620528,Quick Bites,Burrata Open Toast,$10.00,eat-street-nyc-887-5th-avenue-brooklyn
https://www.grubhub.com/restaurant/eat-street-nyc-887-5th-avenue-brooklyn/6620528,6620528,Quick Bites,Bacon Jam Soft Scramble,$10.00,eat-street-nyc-887-5th-avenue-brooklyn
https://www.grubhub.com/restaurant/eat-street-nyc-887-5th-avenue-brooklyn/6620528,6620528,Quick Bites,Eat Street NYC Smash Burger,$7.80+,eat-street-nyc-887-5th-avenue-brooklyn
https://www.grubhub.com/restaurant/eat-street-nyc-887-5th-avenue-brooklyn/6620528,6620528,Quick Bites,Eat Street BBQ pork,$9.00,eat-street-nyc-887-5th-avenue-brooklyn
https://www.grubhub.com/restaurant/eat-street-nyc-887-5th-avenue-brooklyn/6620528,6620528,Boujee Sandwiches + Wraps,No Meat All Heat Sandwich,$16.00,eat-street-nyc-887-5th-avenue-brooklyn
https://www.grubhub.com/restaurant/eat-street-nyc-887-5th-avenue-brooklyn/6620528,6620528,Boujee Sandwiches + Wraps,Classic Chicken Cutlet Sandwich,$18.00,eat-street-nyc-887-5th-avenue-brooklyn
https://www.grubhub.com/restaurant/eat-street-nyc-887-5th-avenue-brooklyn/6620528,6620528,Boujee Sandwiches + Wraps,Italiano Special,$10.00+,eat-street-nyc-887-5th-avenue-brooklyn
https://www.grubhub.com/restaurant/eat-street-nyc-887-5th-avenue-brooklyn/6620528,6620528,Boujee Sandwiches + Wraps,El Chappo,$14.00,eat-street-nyc-887-5th-avenue-brooklyn
https://www.grubhub.com/restaurant/eat-street-nyc-887-5th-avenue-brooklyn/6620528,6620528,Boujee Sandwiches + Wraps,Firenzi,$10.00+,eat-street-nyc-887-5th-avenue-brooklyn
https://www.grubhub.com/restaurant/eat-street-nyc-887-5th-avenue-brooklyn/6620528,6620528,Boujee Sandwiches + Wraps,Classic Crispy BLT,$9.00+,eat-street-nyc-887-5th-avenue-brooklyn
https://www.grubhub.com/restaurant/eat-street-nyc-887-5th-avenue-brooklyn/6620528,6620528,Boujee Sandwiches + Wraps,Americano Sandwich,$9.00+,eat-street-nyc-887-5th-avenue-brooklyn
https://www.grubhub.com/restaurant/eat-street-nyc-887-5th-avenue-brooklyn/6620528,6620528,Boujee Sandwiches + Wraps,Eat Street BLT,$9.00+,eat-street-nyc-887-5th-avenue-brooklyn
https://www.grubhub.com/restaurant/eat-street-nyc-887-5th-avenue-brooklyn/6620528,6620528,Boujee Sandwiches + Wraps,Sweet Honey Sopps,$9.00+,eat-street-nyc-887-5th-avenue-brooklyn
https://www.grubhub.com/restaurant/eat-street-nyc-887-5th-avenue-brooklyn/6620528,6620528,Boujee Sandwiches + Wraps,Turkey & Swizz,$9.00+,eat-street-nyc-887-5th-avenue-brooklyn
https://www.grubhub.com/restaurant/eat-street-nyc-887-5th-avenue-brooklyn/6620528,6620528,Boujee Sandwiches + Wraps,All Actions,$9.00+,eat-street-nyc-887-5th-avenue-brooklyn
https://www.grubhub.com/restaurant/eat-street-nyc-887-5th-avenue-brooklyn/6620528,6620528,Boujee Sandwiches + Wraps,Chicken Little,$10.00+,eat-street-nyc-887-5th-avenue-brooklyn
https://www.grubhub.com/restaurant/eat-street-nyc-887-5th-avenue-brooklyn/6620528,6620528,Boujee Sandwiches + Wraps,Sunset Grillin,$10.00+,eat-street-nyc-887-5th-avenue-brooklyn
https://www.grubhub.com/restaurant/eat-street-nyc-887-5th-avenue-brooklyn/6620528,6620528,Boujee Sandwiches + Wraps,Mama's Chicken Salad,$13.00,eat-street-nyc-887-5th-avenue-brooklyn
https://www.grubhub.com/restaurant/eat-street-nyc-887-5th-avenue-brooklyn/6620528,6620528,Boujee Sandwiches + Wraps,Chicken Bruschetta,$10.00+,eat-street-nyc-887-5th-avenue-brooklyn
https://www.grubhub.com/restaurant/eat-street-nyc-887-5th-avenue-brooklyn/6620528,6620528,Boujee Sandwiches + Wraps,The Best Eggplant Parm,$8.00+,eat-street-nyc-887-5th-avenue-brooklyn
https://www.grubhub.com/restaurant/eat-street-nyc-887-5th-avenue-brooklyn/6620528,6620528,Boujee Sandwiches + Wraps,Chicken Parm,$9.00+,eat-street-nyc-887-5th-avenue-brooklyn
https://www.grubhub.com/restaurant/eat-street-nyc-887-5th-avenue-brooklyn/6620528,6620528,Boujee Sandwiches + Wraps,Roast Beef Special,$9.00+,eat-street-nyc-887-5th-avenue-brooklyn
https://www.grubhub.com/restaurant/eat-street-nyc-887-5th-avenue-brooklyn/6620528,6620528,Boujee Sandwiches + Wraps,Shrimp Parm,$14.00+,eat-street-nyc-887-5th-avenue-brooklyn
https://www.grubhub.com/restaurant/eat-street-nyc-887-5th-avenue-brooklyn/6620528,6620528,Boujee Sandwiches + Wraps,Create Your Own Sandwich,$15.00+,eat-street-nyc-887-5th-avenue-brooklyn
https://www.grubhub.com/restaurant/eat-street-nyc-887-5th-avenue-brooklyn/6620528,6620528,Boujee Sandwiches + Wraps,Classic Chicken Caesar Wrap,$15.00,eat-street-nyc-887-5th-avenue-brooklyn
https://www.grubhub.com/restaurant/eat-street-nyc-887-5th-avenue-brooklyn/6620528,6620528,Boujee Sandwiches + Wraps,Chicken Party Wrap,$15.00,eat-street-nyc-887-5th-avenue-brooklyn
https://www.grubhub.com/restaurant/eat-street-nyc-887-5th-avenue-brooklyn/6620528,6620528,Boujee Sandwiches + Wraps,Chicken YES Wrap,$15.00,eat-street-nyc-887-5th-avenue-brooklyn
https://www.grubhub.com/restaurant/eat-street-nyc-887-5th-avenue-brooklyn/6620528,6620528,Boujee Sandwiches + Wraps,Vegetarian Wrap,$12.00,eat-street-nyc-887-5th-avenue-brooklyn
https://www.grubhub.com/restaurant/eat-street-nyc-887-5th-avenue-brooklyn/6620528,6620528,Soups + Salads,Mama's Chicken Noodle Soup,$8.00+,eat-street-nyc-887-5th-avenue-brooklyn
https://www.grubhub.com/restaurant/eat-street-nyc-887-5th-avenue-brooklyn/6620528,6620528,Soups + Salads,Split Pea Soup,$8.00+,eat-street-nyc-887-5th-avenue-brooklyn
https://www.grubhub.com/restaurant/eat-street-nyc-887-5th-avenue-brooklyn/6620528,6620528,Soups + Salads,Roasted Tomato Soup + Grilled Cheese,$13.00+,eat-street-nyc-887-5th-avenue-brooklyn
https://www.grubhub.com/restaurant/eat-street-nyc-887-5th-avenue-brooklyn/6620528,6620528,Soups + Salads,Sunset Park Fiesta Salad,$15.00,eat-street-nyc-887-5th-avenue-brooklyn
https://www.grubhub.com/restaurant/eat-street-nyc-887-5th-avenue-brooklyn/6620528,6620528,Soups + Salads,Chopped Italian Salad,$17.00,eat-street-nyc-887-5th-avenue-brooklyn
https://www.grubhub.com/restaurant/eat-street-nyc-887-5th-avenue-brooklyn/6620528,6620528,Soups + Salads,Brooklyn Waldorf Salad,$17.00,eat-street-nyc-887-5th-avenue-brooklyn
https://www.grubhub.com/restaurant/eat-street-nyc-887-5th-avenue-brooklyn/6620528,6620528,Soups + Salads,Hot Girl Summer Salad,$15.00,eat-street-nyc-887-5th-avenue-brooklyn
https://www.grubhub.com/restaurant/eat-street-nyc-887-5th-avenue-brooklyn/6620528,6620528,Soups + Salads,Classic Caesar Salad,$14.00,eat-street-nyc-887-5th-avenue-brooklyn
https://www.grubhub.com/restaurant/eat-street-nyc-887-5th-avenue-brooklyn/6620528,6620528,Soups + Salads,Frio Chica Salad,$15.00,eat-street-nyc-887-5th-avenue-brooklyn
https://www.grubhub.com/restaurant/eat-street-nyc-887-5th-avenue-brooklyn/6620528,6620528,Soups + Salads,Create Your Own Salad,$14.00,eat-street-nyc-887-5th-avenue-brooklyn
https://www.grubhub.com/restaurant/eat-street-nyc-887-5th-avenue-brooklyn/6620528,6620528,Soups + Salads,Half a Sandwich and Soup,$16.00,eat-street-nyc-887-5th-avenue-brooklyn
https://www.grubhub.com/restaurant/eat-street-nyc-887-5th-avenue-brooklyn/6620528,6620528,Soups + Salads,Half Sandwich and Salad,$16.00,eat-street-nyc-887-5th-avenue-brooklyn
https://www.grubhub.com/restaurant/eat-street-nyc-887-5th-avenue-brooklyn/6620528,6620528,Baked Goodies,Eat St. Cookie House,$3.00+,eat-street-nyc-887-5th-avenue-brooklyn
https://www.grubhub.com/restaurant/eat-street-nyc-887-5th-avenue-brooklyn/6620528,6620528,Baked Goodies,Chocolate chocolate chunk,$5.00+,eat-street-nyc-887-5th-avenue-brooklyn
https://www.grubhub.com/restaurant/eat-street-nyc-887-5th-avenue-brooklyn/6620528,6620528,Baked Goodies,Plain Croissant,$3.00,eat-street-nyc-887-5th-avenue-brooklyn
https://www.grubhub.com/restaurant/eat-street-nyc-887-5th-avenue-brooklyn/6620528,6620528,Baked Goodies,Donuts,$2.50,eat-street-nyc-887-5th-avenue-brooklyn
https://www.grubhub.com/restaurant/eat-street-nyc-887-5th-avenue-brooklyn/6620528,6620528,Liquids,Coke,$2.00,eat-street-nyc-887-5th-avenue-brooklyn
https://www.grubhub.com/restaurant/eat-street-nyc-887-5th-avenue-brooklyn/6620528,6620528,Liquids,Sprite,$2.00,eat-street-nyc-887-5th-avenue-brooklyn
https://www.grubhub.com/restaurant/eat-street-nyc-887-5th-avenue-brooklyn/6620528,6620528,Liquids,Ginger ale,$2.00,eat-street-nyc-887-5th-avenue-brooklyn
https://www.grubhub.com/restaurant/eat-street-nyc-887-5th-avenue-brooklyn/6620528,6620528,Liquids,Bottled Water,$2.00,eat-street-nyc-887-5th-avenue-brooklyn
https://www.grubhub.com/restaurant/eat-street-nyc-887-5th-avenue-brooklyn/6620528,6620528,Liquids,Lime sparkling water,$2.00,eat-street-nyc-887-5th-avenue-brooklyn
https://www.grubhub.com/restaurant/eat-street-nyc-887-5th-avenue-brooklyn/6620528,6620528,Liquids,Lemon sparkling water,$2.00,eat-street-nyc-887-5th-avenue-brooklyn
https://www.grubhub.com/restaurant/eat-street-nyc-887-5th-avenue-brooklyn/6620528,6620528,Liquids,Grapefruit sparkling water,$2.00,eat-street-nyc-887-5th-avenue-brooklyn
https://www.grubhub.com/restaurant/eat-street-nyc-887-5th-avenue-brooklyn/6620528,6620528,Liquids,Pink Lemonade seltzer,$2.00,eat-street-nyc-887-5th-avenue-brooklyn
https://www.grubhub.com/restaurant/eat-street-nyc-887-5th-avenue-brooklyn/6620528,6620528,Liquids,Drip Coffee,$3.00+,eat-street-nyc-887-5th-avenue-brooklyn
https://www.grubhub.com/restaurant/eat-street-nyc-887-5th-avenue-brooklyn/6620528,6620528,Liquids,Iced Coffee,$3.50+,eat-street-nyc-887-5th-avenue-brooklyn
https://www.grubhub.com/restaurant/eat-street-nyc-887-5th-avenue-brooklyn/6620528,6620528,Liquids,Espresso,$3.50,eat-street-nyc-887-5th-avenue-brooklyn
https://www.grubhub.com/restaurant/eat-street-nyc-887-5th-avenue-brooklyn/6620528,6620528,Liquids,Double Espresso,$5.00,eat-street-nyc-887-5th-avenue-brooklyn
https://www.grubhub.com/restaurant/eat-street-nyc-887-5th-avenue-brooklyn/6620528,6620528,Liquids,Cappuccino,$5.00,eat-street-nyc-887-5th-avenue-brooklyn
https://www.grubhub.com/restaurant/eat-street-nyc-887-5th-avenue-brooklyn/6620528,6620528,Liquids,Latte,$5.50,eat-street-nyc-887-5th-avenue-brooklyn
https://www.grubhub.com/restaurant/eat-street-nyc-887-5th-avenue-brooklyn/6620528,6620528,Liquids,Cortado,$4.00,eat-street-nyc-887-5th-avenue-brooklyn
https://www.grubhub.com/restaurant/eat-street-nyc-887-5th-avenue-brooklyn/6620528,6620528,Liquids,Iced Latte,$5.50,eat-street-nyc-887-5th-avenue-brooklyn
https://www.grubhub.com/restaurant/eat-street-nyc-887-5th-avenue-brooklyn/6620528,6620528,Liquids,Surprise Latte of the Day .. PEPPERMINT,$6.00,eat-street-nyc-887-5th-avenue-brooklyn
https://www.grubhub.com/restaurant/eat-street-nyc-887-5th-avenue-brooklyn/6620528,6620528,Liquids,Tea,$4.00,eat-street-nyc-887-5th-avenue-brooklyn
https://www.grubhub.com/restaurant/eat-street-nyc-887-5th-avenue-brooklyn/6620528,6620528,Liquids,Americano Coffee,$4.00,eat-street-nyc-887-5th-avenue-brooklyn
https://www.grubhub.com/restaurant/eat-street-nyc-887-5th-avenue-brooklyn/6620528,6620528,Liquids,Homemade Hot Cocoa,$5.00,eat-street-nyc-887-5th-avenue-brooklyn
https://www.grubhub.com/restaurant/eat-street-nyc-887-5th-avenue-brooklyn/6620528,6620528,Liquids,The Beat Up fresh squeeze juice,$8.00+,eat-street-nyc-887-5th-avenue-brooklyn
https://www.grubhub.com/restaurant/eat-street-nyc-887-5th-avenue-brooklyn/6620528,6620528,Liquids,Green Machine fresh squeeze juice,$8.00+,eat-street-nyc-887-5th-avenue-brooklyn
https://www.grubhub.com/restaurant/eat-street-nyc-887-5th-avenue-brooklyn/6620528,6620528,Liquids,Do The Dew fresh squeeze juice,$8.00+,eat-street-nyc-887-5th-avenue-brooklyn
https://www.grubhub.com/restaurant/eat-street-nyc-887-5th-avenue-brooklyn/6620528,6620528,Liquids,Nutrition T- Pot fresh squeeze juice,$8.00+,eat-street-nyc-887-5th-avenue-brooklyn
https://www.grubhub.com/restaurant/eat-street-nyc-887-5th-avenue-brooklyn/6620528,6620528,Liquids,Jus' Juice fresh squeeze juice,$8.00+,eat-street-nyc-887-5th-avenue-brooklyn
https://www.grubhub.com/restaurant/sweetgreen-1740-broadway-new-york/2305142,2305142,Protein Plates,Miso Glazed Salmon,$18.95,sweetgreen-1740-broadway-new-york
https://www.grubhub.com/restaurant/sweetgreen-1740-broadway-new-york/2305142,2305142,Bowls,Chicken Pesto Parm,$17.50,sweetgreen-1740-broadway-new-york
https://www.grubhub.com/restaurant/sweetgreen-1740-broadway-new-york/2305142,2305142,Bowls,Best Seller,$17.25,sweetgreen-1740-broadway-new-york
https://www.grubhub.com/restaurant/sweetgreen-1740-broadway-new-york/2305142,2305142,Bowls,Crispy Rice Bowl,$17.95,sweetgreen-1740-broadway-new-york
https://www.grubhub.com/restaurant/sweetgreen-1740-broadway-new-york/2305142,2305142,Bowls,Chicken Avocado Ranch,$16.95,sweetgreen-1740-broadway-new-york
https://www.grubhub.com/restaurant/sweetgreen-1740-broadway-new-york/2305142,2305142,Bowls,Fish Taco,$19.75,sweetgreen-1740-broadway-new-york
https://www.grubhub.com/restaurant/sweetgreen-1740-broadway-new-york/2305142,2305142,Bowls,Shroomami,$16.75,sweetgreen-1740-broadway-new-york
https://www.grubhub.com/restaurant/sweetgreen-1740-broadway-new-york/2305142,2305142,Bowls,Elote Bowl,$15.95,sweetgreen-1740-broadway-new-york
https://www.grubhub.com/restaurant/sweetgreen-1740-broadway-new-york/2305142,2305142,Salads,Super Green Goddess,$13.25,sweetgreen-1740-broadway-new-york
https://www.grubhub.com/restaurant/sweetgreen-1740-broadway-new-york/2305142,2305142,Salads,Italian Chopped,$17.25,sweetgreen-1740-broadway-new-york
https://www.grubhub.com/restaurant/sweetgreen-1740-broadway-new-york/2305142,2305142,Salads,BBQ Chicken Salad,$16.75,sweetgreen-1740-broadway-new-york
https://www.grubhub.com/restaurant/sweetgreen-1740-broadway-new-york/2305142,2305142,Salads,Buffalo Chicken,$18.25,sweetgreen-1740-broadway-new-york
https://www.grubhub.com/restaurant/sweetgreen-1740-broadway-new-york/2305142,2305142,Salads,Hummus Crunch,$15.50,sweetgreen-1740-broadway-new-york
https://www.grubhub.com/restaurant/sweetgreen-1740-broadway-new-york/2305142,2305142,Salads,Garden Cobb,$17.50,sweetgreen-1740-broadway-new-york
https://www.grubhub.com/restaurant/sweetgreen-1740-broadway-new-york/2305142,2305142,Salads,Best Seller,$16.95,sweetgreen-1740-broadway-new-york
https://www.grubhub.com/restaurant/sweetgreen-1740-broadway-new-york/2305142,2305142,Salads,Best Seller,$16.25,sweetgreen-1740-broadway-new-york
https://www.grubhub.com/restaurant/sweetgreen-1740-broadway-new-york/2305142,2305142,Custom,Create Your Own,$12.25,sweetgreen-1740-broadway-new-york
https://www.grubhub.com/restaurant/sweetgreen-1740-broadway-new-york/2305142,2305142,Sides,Hot Stuff,$10.95,sweetgreen-1740-broadway-new-york
https://www.grubhub.com/restaurant/sweetgreen-1740-broadway-new-york/2305142,2305142,Sides,SG X Siete: Green Goddess Ranch Potato Chips,$3.25,sweetgreen-1740-broadway-new-york
https://www.grubhub.com/restaurant/sweetgreen-1740-broadway-new-york/2305142,2305142,Sides,Siete Sea Salt Potato Chips,$3.25,sweetgreen-1740-broadway-new-york
https://www.grubhub.com/restaurant/sweetgreen-1740-broadway-new-york/2305142,2305142,Sides,Hummus + Focaccia,$4.75,sweetgreen-1740-broadway-new-york
https://www.grubhub.com/restaurant/sweetgreen-1740-broadway-new-york/2305142,2305142,Sides,Roasted Sweet Potatoes + Green Goddess Ranch,$4.75,sweetgreen-1740-broadway-new-york
https://www.grubhub.com/restaurant/sweetgreen-1740-broadway-new-york/2305142,2305142,Sides,Roasted Sweet Potatoes + Hot Honey Mustard,$4.75,sweetgreen-1740-broadway-new-york
https://www.grubhub.com/restaurant/sweetgreen-1740-broadway-new-york/2305142,2305142,Sides,Rosemary Focaccia,$2.95,sweetgreen-1740-broadway-new-york
https://www.grubhub.com/restaurant/sweetgreen-1740-broadway-new-york/2305142,2305142,Dessert,Hu Salty Dark Chocolate Bar,$6.25,sweetgreen-1740-broadway-new-york
https://www.grubhub.com/restaurant/sweetgreen-1740-broadway-new-york/2305142,2305142,Dessert,Hu Cashews + Vanilla Bean Hunks,$3.75,sweetgreen-1740-broadway-new-york
https://www.grubhub.com/restaurant/sweetgreen-1740-broadway-new-york/2305142,2305142,Dessert,Crispy Rice Treat,$3.75,sweetgreen-1740-broadway-new-york
https://www.grubhub.com/restaurant/sweetgreen-1740-broadway-new-york/2305142,2305142,Beverages,Health-Ade Pink Lady Apple,$4.15,sweetgreen-1740-broadway-new-york
https://www.grubhub.com/restaurant/sweetgreen-1740-broadway-new-york/2305142,2305142,Beverages,Harney & Sons Organic Lemonade,$4.25,sweetgreen-1740-broadway-new-york
https://www.grubhub.com/restaurant/sweetgreen-1740-broadway-new-york/2305142,2305142,Beverages,Health-Ade Passionfruit Tangerine,$4.15,sweetgreen-1740-broadway-new-york
https://www.grubhub.com/restaurant/sweetgreen-1740-broadway-new-york/2305142,2305142,Beverages,Sparkling Water,$3.25,sweetgreen-1740-broadway-new-york
https://www.grubhub.com/restaurant/sweetgreen-1740-broadway-new-york/2305142,2305142,Beverages,Still Water,$3.25,sweetgreen-1740-broadway-new-york
https://www.grubhub.com/restaurant/sweetgreen-1740-broadway-new-york/2305142,2305142,Beverages,Spindrift Raspberry Lime,$3.75,sweetgreen-1740-broadway-new-york
https://www.grubhub.com/restaurant/sweetgreen-1740-broadway-new-york/2305142,2305142,Beverages,Spindrift Grapefruit,$3.75,sweetgreen-1740-broadway-new-york
https://www.grubhub.com/restaurant/sweetgreen-1740-broadway-new-york/2305142,2305142,Beverages,OLIPOP Vintage Cola,$4.25,sweetgreen-1740-broadway-new-york
https://www.grubhub.com/restaurant/sweetgreen-1740-broadway-new-york/2305142,2305142,Beverages,OLIPOP Lemon Lime Soda,$4.25,sweetgreen-1740-broadway-new-york
https://www.grubhub.com/restaurant/sweetgreen-1740-broadway-new-york/2305142,2305142,Beverages,Jasmine Green Tea,$4.25,sweetgreen-1740-broadway-new-york
https://www.grubhub.com/restaurant/sweetgreen-1740-broadway-new-york/2305142,2305142,Beverages,Hibiscus Clover Tea,$4.25,sweetgreen-1740-broadway-new-york
https://www.grubhub.com/restaurant/maydan-by-wonder-uws-2030-broadway-new-york/5787496,5787496,Spreads & Salads,Hummus,$9.95,maydan-by-wonder-uws-2030-broadway-new-york
https://www.grubhub.com/restaurant/maydan-by-wonder-uws-2030-broadway-new-york/5787496,5787496,Spreads & Salads,Baba Ghanoush,$8.95,maydan-by-wonder-uws-2030-broadway-new-york
https://www.grubhub.com/restaurant/maydan-by-wonder-uws-2030-broadway-new-york/5787496,5787496,Spreads & Salads,Labneh,$9.95,maydan-by-wonder-uws-2030-broadway-new-york
https://www.grubhub.com/restaurant/maydan-by-wonder-uws-2030-broadway-new-york/5787496,5787496,Spreads & Salads,Muhammara,$9.95,maydan-by-wonder-uws-2030-broadway-new-york
https://www.grubhub.com/restaurant/maydan-by-wonder-uws-2030-broadway-new-york/5787496,5787496,Spreads & Salads,Best Seller,$12.00,maydan-by-wonder-uws-2030-broadway-new-york
https://www.grubhub.com/restaurant/maydan-by-wonder-uws-2030-broadway-new-york/5787496,5787496,Spreads & Salads,Best Seller,$16.95,maydan-by-wonder-uws-2030-broadway-new-york
https://www.grubhub.com/restaurant/maydan-by-wonder-uws-2030-broadway-new-york/5787496,5787496,Mains,Best Seller,$17.00,maydan-by-wonder-uws-2030-broadway-new-york
https://www.grubhub.com/restaurant/maydan-by-wonder-uws-2030-broadway-new-york/5787496,5787496,Mains,Beef Kebab,$22.00,maydan-by-wonder-uws-2030-broadway-new-york
https://www.grubhub.com/restaurant/maydan-by-wonder-uws-2030-broadway-new-york/5787496,5787496,Mains,Omani Shrimp,$19.00,maydan-by-wonder-uws-2030-broadway-new-york
https://www.grubhub.com/restaurant/maydan-by-wonder-uws-2030-broadway-new-york/5787496,5787496,Shawarmas,Vegetable Shawarma,$16.00,maydan-by-wonder-uws-2030-broadway-new-york
https://www.grubhub.com/restaurant/maydan-by-wonder-uws-2030-broadway-new-york/5787496,5787496,Sides,Brussels Sprouts,$10.00,maydan-by-wonder-uws-2030-broadway-new-york
https://www.grubhub.com/restaurant/maydan-by-wonder-uws-2030-broadway-new-york/5787496,5787496,Sides,Sauce Trio,$3.00,maydan-by-wonder-uws-2030-broadway-new-york
https://www.grubhub.com/restaurant/maydan-by-wonder-uws-2030-broadway-new-york/5787496,5787496,Kids,Chicken Tenders,$6.00,maydan-by-wonder-uws-2030-broadway-new-york
https://www.grubhub.com/restaurant/maydan-by-wonder-uws-2030-broadway-new-york/5787496,5787496,Kids,Mac & Cheese,$6.00,maydan-by-wonder-uws-2030-broadway-new-york
https://www.grubhub.com/restaurant/maydan-by-wonder-uws-2030-broadway-new-york/5787496,5787496,Desserts,Hungry Gnome Sea Salt Chocolate Chip Cookie,$4.50,maydan-by-wonder-uws-2030-broadway-new-york
https://www.grubhub.com/restaurant/maydan-by-wonder-uws-2030-broadway-new-york/5787496,5787496,Desserts,Hungry Gnome Dark & White Chocolate Toffee Cookie,$4.50,maydan-by-wonder-uws-2030-broadway-new-york
https://www.grubhub.com/restaurant/maydan-by-wonder-uws-2030-broadway-new-york/5787496,5787496,Desserts,Chocolatier Killer Brownie,$4.00,maydan-by-wonder-uws-2030-broadway-new-york
https://www.grubhub.com/restaurant/maydan-by-wonder-uws-2030-broadway-new-york/5787496,5787496,Desserts,Peanut Butter Killer Brownie,$6.00,maydan-by-wonder-uws-2030-broadway-new-york
https://www.grubhub.com/restaurant/maydan-by-wonder-uws-2030-broadway-new-york/5787496,5787496,Desserts,Dana's Bakery Brown Butter Krisp Bar,$7.00,maydan-by-wonder-uws-2030-broadway-new-york
https://www.grubhub.com/restaurant/maydan-by-wonder-uws-2030-broadway-new-york/5787496,5787496,Desserts,Dana's Bakery Cookies & Creme Krisp Bar,$7.00,maydan-by-wonder-uws-2030-broadway-new-york
https://www.grubhub.com/restaurant/maydan-by-wonder-uws-2030-broadway-new-york/5787496,5787496,Desserts,Magnolia Bakery Cupcake Duo,$8.75,maydan-by-wonder-uws-2030-broadway-new-york
https://www.grubhub.com/restaurant/maydan-by-wonder-uws-2030-broadway-new-york/5787496,5787496,Desserts,Dick Taylor Fleur de Sel Dark Chocolate,$8.00,maydan-by-wonder-uws-2030-broadway-new-york
https://www.grubhub.com/restaurant/maydan-by-wonder-uws-2030-broadway-new-york/5787496,5787496,Beverages,Harney & Sons Lemonade,$3.50,maydan-by-wonder-uws-2030-broadway-new-york
https://www.grubhub.com/restaurant/maydan-by-wonder-uws-2030-broadway-new-york/5787496,5787496,Beverages,Harney & Sons Organic Black Iced Tea,$3.50,maydan-by-wonder-uws-2030-broadway-new-york
https://www.grubhub.com/restaurant/maydan-by-wonder-uws-2030-broadway-new-york/5787496,5787496,Beverages,Spindrift Lemon,$3.00,maydan-by-wonder-uws-2030-broadway-new-york
https://www.grubhub.com/restaurant/maydan-by-wonder-uws-2030-broadway-new-york/5787496,5787496,Beverages,Spindrift Grapefruit,$3.00,maydan-by-wonder-uws-2030-broadway-new-york
https://www.grubhub.com/restaurant/maydan-by-wonder-uws-2030-broadway-new-york/5787496,5787496,Beverages,Sanpellegrino Aranciata,$3.50,maydan-by-wonder-uws-2030-broadway-new-york
https://www.grubhub.com/restaurant/maydan-by-wonder-uws-2030-broadway-new-york/5787496,5787496,Beverages,Poppi Root Beer,$3.50,maydan-by-wonder-uws-2030-broadway-new-york
https://www.grubhub.com/restaurant/maydan-by-wonder-uws-2030-broadway-new-york/5787496,5787496,Beverages,Poppi Strawberry Lemon,$3.50,maydan-by-wonder-uws-2030-broadway-new-york
https://www.grubhub.com/restaurant/maydan-by-wonder-uws-2030-broadway-new-york/5787496,5787496,Beverages,Diet Coke,$2.00,maydan-by-wonder-uws-2030-broadway-new-york
https://www.grubhub.com/restaurant/honeybrains-372-lafayette-st-new-york/2038483,2038483,Flat Breads,Avocado Flatbread,$9.50+,honeybrains-372-lafayette-st-new-york
https://www.grubhub.com/restaurant/honeybrains-372-lafayette-st-new-york/2038483,2038483,Flat Breads,Smoked Salmon Flatbread,$9.50+,honeybrains-372-lafayette-st-new-york
https://www.grubhub.com/restaurant/honeybrains-372-lafayette-st-new-york/2038483,2038483,Flat Breads,Yogurt & Honey Flatbread,$9.50+,honeybrains-372-lafayette-st-new-york
https://www.grubhub.com/restaurant/honeybrains-372-lafayette-st-new-york/2038483,2038483,Wraps,"Chicken, Lettuce, Tomato",$9.50,honeybrains-372-lafayette-st-new-york
https://www.grubhub.com/restaurant/honeybrains-372-lafayette-st-new-york/2038483,2038483,Wraps,"Egg, Spinach, Avocado",$8.50,honeybrains-372-lafayette-st-new-york
https://www.grubhub.com/restaurant/honeybrains-372-lafayette-st-new-york/2038483,2038483,Brain Bowls,Hawaiian Bowl,$11.75,honeybrains-372-lafayette-st-new-york
https://www.grubhub.com/restaurant/honeybrains-372-lafayette-st-new-york/2038483,2038483,Brain Bowls,Super Sweet Potatoes,$11.75,honeybrains-372-lafayette-st-new-york
https://www.grubhub.com/restaurant/honeybrains-372-lafayette-st-new-york/2038483,2038483,Brain Bowls,HB Noodles,$11.75,honeybrains-372-lafayette-st-new-york
https://www.grubhub.com/restaurant/honeybrains-372-lafayette-st-new-york/2038483,2038483,Brain Bowls,The Fiesta,$11.75,honeybrains-372-lafayette-st-new-york
https://www.grubhub.com/restaurant/honeybrains-372-lafayette-st-new-york/2038483,2038483,Brain Bowls,Nori Nirvana,$11.75,honeybrains-372-lafayette-st-new-york
https://www.grubhub.com/restaurant/honeybrains-372-lafayette-st-new-york/2038483,2038483,Salads,Cobb Salad,$16.50,honeybrains-372-lafayette-st-new-york
https://www.grubhub.com/restaurant/honeybrains-372-lafayette-st-new-york/2038483,2038483,Salads,Farm Salad,$16.50,honeybrains-372-lafayette-st-new-york
https://www.grubhub.com/restaurant/honeybrains-372-lafayette-st-new-york/2038483,2038483,Salads,Best Seller,$15.75,honeybrains-372-lafayette-st-new-york
https://www.grubhub.com/restaurant/honeybrains-372-lafayette-st-new-york/2038483,2038483,Sandwiches,HB Signature Sandwich,$13.50+,honeybrains-372-lafayette-st-new-york
https://www.grubhub.com/restaurant/honeybrains-372-lafayette-st-new-york/2038483,2038483,Sandwiches,Tuna Sandwich,$13.50+,honeybrains-372-lafayette-st-new-york
https://www.grubhub.com/restaurant/honeybrains-372-lafayette-st-new-york/2038483,2038483,Sandwiches,Grilled Kim-Cheese Sandwich,$11.00+,honeybrains-372-lafayette-st-new-york
https://www.grubhub.com/restaurant/honeybrains-372-lafayette-st-new-york/2038483,2038483,Healthful Snacks,Banana,$2.00,honeybrains-372-lafayette-st-new-york
https://www.grubhub.com/restaurant/honeybrains-372-lafayette-st-new-york/2038483,2038483,Healthful Snacks,HB Hummus Cup,$7.00,honeybrains-372-lafayette-st-new-york
https://www.grubhub.com/restaurant/honeybrains-372-lafayette-st-new-york/2038483,2038483,Healthful Snacks,Berry Bowl,$7.00,honeybrains-372-lafayette-st-new-york
https://www.grubhub.com/restaurant/honeybrains-372-lafayette-st-new-york/2038483,2038483,Healthful Snacks,Peanut Butter & Banana,$8.00,honeybrains-372-lafayette-st-new-york
https://www.grubhub.com/restaurant/honeybrains-372-lafayette-st-new-york/2038483,2038483,Healthful Snacks,Greek Yogurt,$7.50,honeybrains-372-lafayette-st-new-york
https://www.grubhub.com/restaurant/honeybrains-372-lafayette-st-new-york/2038483,2038483,Sides,Add Egg,$0.00,honeybrains-372-lafayette-st-new-york
https://www.grubhub.com/restaurant/honeybrains-372-lafayette-st-new-york/2038483,2038483,Sides,Chicken Breast Side,$4.75,honeybrains-372-lafayette-st-new-york
https://www.grubhub.com/restaurant/honeybrains-372-lafayette-st-new-york/2038483,2038483,Sides,Chicken Schnitzel Side,$4.75,honeybrains-372-lafayette-st-new-york
https://www.grubhub.com/restaurant/honeybrains-372-lafayette-st-new-york/2038483,2038483,Sides,Half Avocado,$6.00,honeybrains-372-lafayette-st-new-york
https://www.grubhub.com/restaurant/honeybrains-372-lafayette-st-new-york/2038483,2038483,Sides,Honey Side,$0.50,honeybrains-372-lafayette-st-new-york
https://www.grubhub.com/restaurant/honeybrains-372-lafayette-st-new-york/2038483,2038483,Sides,Roasted Broccoli,$7.00,honeybrains-372-lafayette-st-new-york
https://www.grubhub.com/restaurant/honeybrains-372-lafayette-st-new-york/2038483,2038483,Sides,Side Atlantic Salmon,$4.75,honeybrains-372-lafayette-st-new-york
https://www.grubhub.com/restaurant/honeybrains-372-lafayette-st-new-york/2038483,2038483,Sides,Side Coffee Crusted Steak,$4.75,honeybrains-372-lafayette-st-new-york
https://www.grubhub.com/restaurant/honeybrains-372-lafayette-st-new-york/2038483,2038483,Sides,Side Crispy Tofu,$4.75,honeybrains-372-lafayette-st-new-york
https://www.grubhub.com/restaurant/honeybrains-372-lafayette-st-new-york/2038483,2038483,Sides,Side of Plain Toast,$3.00,honeybrains-372-lafayette-st-new-york
https://www.grubhub.com/restaurant/honeybrains-372-lafayette-st-new-york/2038483,2038483,Sides,Side Miso Salmon,$4.75,honeybrains-372-lafayette-st-new-york
https://www.grubhub.com/restaurant/honeybrains-372-lafayette-st-new-york/2038483,2038483,Sides,Side Smoked Salmon,$6.00,honeybrains-372-lafayette-st-new-york
https://www.grubhub.com/restaurant/honeybrains-372-lafayette-st-new-york/2038483,2038483,Sides,Side Sweet Potato Puree,$6.00,honeybrains-372-lafayette-st-new-york
https://www.grubhub.com/restaurant/honeybrains-372-lafayette-st-new-york/2038483,2038483,Sides,Side Turkey Bacon,$3.00,honeybrains-372-lafayette-st-new-york
https://www.grubhub.com/restaurant/honeybrains-372-lafayette-st-new-york/2038483,2038483,Soup,Seasonal Soup,$7.50,honeybrains-372-lafayette-st-new-york
https://www.grubhub.com/restaurant/honeybrains-372-lafayette-st-new-york/2038483,2038483,Specialty Drinks,Nut & Honey Latte,$5.50+,honeybrains-372-lafayette-st-new-york
https://www.grubhub.com/restaurant/honeybrains-372-lafayette-st-new-york/2038483,2038483,Specialty Drinks,Belgian Hot Chocolate,$5.00+,honeybrains-372-lafayette-st-new-york
https://www.grubhub.com/restaurant/honeybrains-372-lafayette-st-new-york/2038483,2038483,Specialty Drinks,Golden Milk Latte,$5.50+,honeybrains-372-lafayette-st-new-york
https://www.grubhub.com/restaurant/honeybrains-372-lafayette-st-new-york/2038483,2038483,Specialty Drinks,Hibiscus Sunset,$5.50+,honeybrains-372-lafayette-st-new-york
https://www.grubhub.com/restaurant/honeybrains-372-lafayette-st-new-york/2038483,2038483,Specialty Drinks,Matcha for Life,$6.25+,honeybrains-372-lafayette-st-new-york
https://www.grubhub.com/restaurant/honeybrains-372-lafayette-st-new-york/2038483,2038483,Specialty Drinks,London Fog Tea,$5.25+,honeybrains-372-lafayette-st-new-york
https://www.grubhub.com/restaurant/honeybrains-372-lafayette-st-new-york/2038483,2038483,Specialty Drinks,Lemonade Kick,$5.25+,honeybrains-372-lafayette-st-new-york
https://www.grubhub.com/restaurant/honeybrains-372-lafayette-st-new-york/2038483,2038483,Specialty Drinks,Fruit Infused Iced Teas,$5.25+,honeybrains-372-lafayette-st-new-york
https://www.grubhub.com/restaurant/honeybrains-372-lafayette-st-new-york/2038483,2038483,Coffee & Teas,Americano,$4.00+,honeybrains-372-lafayette-st-new-york
https://www.grubhub.com/restaurant/honeybrains-372-lafayette-st-new-york/2038483,2038483,Coffee & Teas,Assorted Teas,$4.25,honeybrains-372-lafayette-st-new-york
https://www.grubhub.com/restaurant/honeybrains-372-lafayette-st-new-york/2038483,2038483,Coffee & Teas,Cafe au Lait,$4.50+,honeybrains-372-lafayette-st-new-york
https://www.grubhub.com/restaurant/honeybrains-372-lafayette-st-new-york/2038483,2038483,Coffee & Teas,Cafe Latte,$5.00+,honeybrains-372-lafayette-st-new-york
https://www.grubhub.com/restaurant/honeybrains-372-lafayette-st-new-york/2038483,2038483,Coffee & Teas,Cafe Mocha,$5.50+,honeybrains-372-lafayette-st-new-york
https://www.grubhub.com/restaurant/honeybrains-372-lafayette-st-new-york/2038483,2038483,Coffee & Teas,Cappuccino,$5.00+,honeybrains-372-lafayette-st-new-york
https://www.grubhub.com/restaurant/honeybrains-372-lafayette-st-new-york/2038483,2038483,Coffee & Teas,ChagaChino,$3.50+,honeybrains-372-lafayette-st-new-york
https://www.grubhub.com/restaurant/honeybrains-372-lafayette-st-new-york/2038483,2038483,Coffee & Teas,Chai Latte,$5.00+,honeybrains-372-lafayette-st-new-york
https://www.grubhub.com/restaurant/honeybrains-372-lafayette-st-new-york/2038483,2038483,Coffee & Teas,Drip Coffee,$3.75+,honeybrains-372-lafayette-st-new-york
https://www.grubhub.com/restaurant/honeybrains-372-lafayette-st-new-york/2038483,2038483,Coffee & Teas,Espresso,$4.25,honeybrains-372-lafayette-st-new-york
https://www.grubhub.com/restaurant/honeybrains-372-lafayette-st-new-york/2038483,2038483,HB Juice,Ginseng Mind,$10.95,honeybrains-372-lafayette-st-new-york
https://www.grubhub.com/restaurant/honeybrains-372-lafayette-st-new-york/2038483,2038483,HB Juice,Kickstart,$10.95,honeybrains-372-lafayette-st-new-york
https://www.grubhub.com/restaurant/honeybrains-372-lafayette-st-new-york/2038483,2038483,HB Juice,Green Boost,$10.95,honeybrains-372-lafayette-st-new-york
https://www.grubhub.com/restaurant/honeybrains-372-lafayette-st-new-york/2038483,2038483,HB Juice,Citrus Rosemary,$10.95,honeybrains-372-lafayette-st-new-york
https://www.grubhub.com/restaurant/honeybrains-372-lafayette-st-new-york/2038483,2038483,HB Juice,Happy Greens,$10.95,honeybrains-372-lafayette-st-new-york
https://www.grubhub.com/restaurant/honeybrains-372-lafayette-st-new-york/2038483,2038483,HB Juice,Ginger Shot,$5.50,honeybrains-372-lafayette-st-new-york
https://www.grubhub.com/restaurant/honeybrains-372-lafayette-st-new-york/2038483,2038483,Drinks,Spin Drift,$4.50,honeybrains-372-lafayette-st-new-york
https://www.grubhub.com/restaurant/honeybrains-372-lafayette-st-new-york/2038483,2038483,Drinks,Kombucha,$8.00,honeybrains-372-lafayette-st-new-york
https://www.grubhub.com/restaurant/honeybrains-372-lafayette-st-new-york/2038483,2038483,Drinks,Poppi,$4.75,honeybrains-372-lafayette-st-new-york
https://www.grubhub.com/restaurant/honeybrains-372-lafayette-st-new-york/2038483,2038483,Drinks,Saratoga Sparkling,$4.50,honeybrains-372-lafayette-st-new-york
https://www.grubhub.com/restaurant/honeybrains-372-lafayette-st-new-york/2038483,2038483,Drinks,Saratoga Still,$4.50,honeybrains-372-lafayette-st-new-york
https://www.grubhub.com/restaurant/honeybrains-372-lafayette-st-new-york/2038483,2038483,Drinks,Small Iced Water Cup,$0.25,honeybrains-372-lafayette-st-new-york
https://www.grubhub.com/restaurant/honeybrains-372-lafayette-st-new-york/2038483,2038483,Drinks,Orange Juice,$4.75,honeybrains-372-lafayette-st-new-york
https://www.grubhub.com/restaurant/honeybrains-372-lafayette-st-new-york/2038483,2038483,Homemade HB,HB Granola,$10.00,honeybrains-372-lafayette-st-new-york
https://www.grubhub.com/restaurant/honeybrains-372-lafayette-st-new-york/2038483,2038483,Pastries,Classic Brownie,$6.95,honeybrains-372-lafayette-st-new-york
https://www.grubhub.com/restaurant/honeybrains-372-lafayette-st-new-york/2038483,2038483,Pastries,Lamington,$6.95,honeybrains-372-lafayette-st-new-york
https://www.grubhub.com/restaurant/honeybrains-372-lafayette-st-new-york/2038483,2038483,Pastries,Vegan Banana Bread,$7.95,honeybrains-372-lafayette-st-new-york
https://www.grubhub.com/restaurant/honeybrains-372-lafayette-st-new-york/2038483,2038483,Pastries,Snicker Doodle cookie,$4.52,honeybrains-372-lafayette-st-new-york
https://www.grubhub.com/restaurant/honeybrains-372-lafayette-st-new-york/2038483,2038483,Pastries,Chocolate chip cookie,$4.52,honeybrains-372-lafayette-st-new-york
https://www.grubhub.com/restaurant/honeybrains-372-lafayette-st-new-york/2038483,2038483,Pastries,Pain Au Chocolate,$5.90,honeybrains-372-lafayette-st-new-york
https://www.grubhub.com/restaurant/honeybrains-372-lafayette-st-new-york/2038483,2038483,Pastries,Cheese Danish,$5.72,honeybrains-372-lafayette-st-new-york
https://www.grubhub.com/restaurant/honeybrains-372-lafayette-st-new-york/2038483,2038483,Snacks,Banana,$1.00,honeybrains-372-lafayette-st-new-york
https://www.grubhub.com/restaurant/honeybrains-372-lafayette-st-new-york/2038483,2038483,Snacks,Banana Plantain Chips,$5.95,honeybrains-372-lafayette-st-new-york
https://www.grubhub.com/restaurant/honeybrains-372-lafayette-st-new-york/2038483,2038483,Snacks,Fruit IQ,$5.95,honeybrains-372-lafayette-st-new-york
https://www.grubhub.com/restaurant/honeybrains-372-lafayette-st-new-york/2038483,2038483,Snacks,small Hippeas puff,$2.16,honeybrains-372-lafayette-st-new-york
https://www.grubhub.com/restaurant/honeybrains-372-lafayette-st-new-york/2038483,2038483,Snacks,Hu Chocolate Bars,$8.95,honeybrains-372-lafayette-st-new-york
https://www.grubhub.com/restaurant/honeybrains-372-lafayette-st-new-york/2038483,2038483,Snacks,Hu Chocolate Gems,$9.95,honeybrains-372-lafayette-st-new-york
https://www.grubhub.com/restaurant/honeybrains-372-lafayette-st-new-york/2038483,2038483,Snacks,Justins PB Cups,$5.95,honeybrains-372-lafayette-st-new-york
https://www.grubhub.com/restaurant/honeybrains-372-lafayette-st-new-york/2038483,2038483,Snacks,small tortilla chips,$3.00,honeybrains-372-lafayette-st-new-york
https://www.grubhub.com/restaurant/honeybrains-372-lafayette-st-new-york/2038483,2038483,Snacks,Made Good Bar,$3.95,honeybrains-372-lafayette-st-new-york
https://www.grubhub.com/restaurant/honeybrains-372-lafayette-st-new-york/2038483,2038483,Snacks,Mavuno Cashews,$9.52,honeybrains-372-lafayette-st-new-york
https://www.grubhub.com/restaurant/honeybrains-372-lafayette-st-new-york/2038483,2038483,Snacks,Mavuno Dried Banana,$7.95,honeybrains-372-lafayette-st-new-york
https://www.grubhub.com/restaurant/honeybrains-372-lafayette-st-new-york/2038483,2038483,Snacks,Mavuno Dried Mango,$7.95,honeybrains-372-lafayette-st-new-york
https://www.grubhub.com/restaurant/honeybrains-372-lafayette-st-new-york/2038483,2038483,Snacks,Mosh Bars,$5.95,honeybrains-372-lafayette-st-new-york
https://www.grubhub.com/restaurant/honeybrains-372-lafayette-st-new-york/2038483,2038483,Snacks,Mmmly,$4.88,honeybrains-372-lafayette-st-new-york
https://www.grubhub.com/restaurant/honeybrains-372-lafayette-st-new-york/2038483,2038483,Snacks,Organic Tropical Mix,$8.52,honeybrains-372-lafayette-st-new-york
https://www.grubhub.com/restaurant/honeybrains-372-lafayette-st-new-york/2038483,2038483,Snacks,Pineapple and Passion Fruit,$6.42,honeybrains-372-lafayette-st-new-york
https://www.grubhub.com/restaurant/honeybrains-372-lafayette-st-new-york/2038483,2038483,Honey,Honeybrains Wildflower Honey,$16.00,honeybrains-372-lafayette-st-new-york
https://www.grubhub.com/restaurant/honeybrains-372-lafayette-st-new-york/2038483,2038483,Honey,Honeybrains Urban Honey,$35.00,honeybrains-372-lafayette-st-new-york
https://www.grubhub.com/restaurant/honeybrains-372-lafayette-st-new-york/2038483,2038483,Honey,Mieli Thun Eucalyptus,$20.00,honeybrains-372-lafayette-st-new-york
https://www.grubhub.com/restaurant/honeybrains-372-lafayette-st-new-york/2038483,2038483,Honey,Rare Hawaiian Lilikoi,$25.95,honeybrains-372-lafayette-st-new-york
https://www.grubhub.com/restaurant/honeybrains-372-lafayette-st-new-york/2038483,2038483,Honey,Rare Hawaiian Ginger,$25.95,honeybrains-372-lafayette-st-new-york
https://www.grubhub.com/restaurant/honeybrains-372-lafayette-st-new-york/2038483,2038483,Honey,Manuka Squeeze,$46.00,honeybrains-372-lafayette-st-new-york
https://www.grubhub.com/restaurant/honeybrains-372-lafayette-st-new-york/2038483,2038483,Honey,Mieli Thuni Honeydew,$20.00,honeybrains-372-lafayette-st-new-york
https://www.grubhub.com/restaurant/honeybrains-372-lafayette-st-new-york/2038483,2038483,Honey,Miele Floral Apple Tree,$24.00,honeybrains-372-lafayette-st-new-york
https://www.grubhub.com/restaurant/honeybrains-372-lafayette-st-new-york/2038483,2038483,Honey,White Gold,$22.95,honeybrains-372-lafayette-st-new-york
https://www.grubhub.com/restaurant/honeybrains-372-lafayette-st-new-york/2038483,2038483,Honey,Wedderspoon Raw Rata Honey,$37.00,honeybrains-372-lafayette-st-new-york
https://www.grubhub.com/restaurant/honeybrains-372-lafayette-st-new-york/2038483,2038483,Honey,Castanuela Raw Honey,$30.00,honeybrains-372-lafayette-st-new-york
https://www.grubhub.com/restaurant/honeybrains-372-lafayette-st-new-york/2038483,2038483,Retail,BLXR Brain Fuel Single Shot,$10.00,honeybrains-372-lafayette-st-new-york
https://www.grubhub.com/restaurant/honeybrains-372-lafayette-st-new-york/2038483,2038483,Retail,BLXR Throat Spray,$15.00,honeybrains-372-lafayette-st-new-york
https://www.grubhub.com/restaurant/honeybrains-372-lafayette-st-new-york/2038483,2038483,Retail,Skateboard,$50.00,honeybrains-372-lafayette-st-new-york
https://www.grubhub.com/restaurant/honeybrains-372-lafayette-st-new-york/2038483,2038483,Retail,10 Cent Bag,$0.10,honeybrains-372-lafayette-st-new-york
https://www.grubhub.com/restaurant/veselka-144-2nd-ave-new-york-city/312813,312813,Varenyky/Pierogi,Classic Pierogi 4*,$10.00+,veselka-144-2nd-ave-new-york-city
https://www.grubhub.com/restaurant/veselka-144-2nd-ave-new-york-city/312813,312813,Varenyky/Pierogi,Best Seller,$18.00+,veselka-144-2nd-ave-new-york-city
https://www.grubhub.com/restaurant/veselka-144-2nd-ave-new-york-city/312813,312813,Varenyky/Pierogi,Best Seller,$21.00+,veselka-144-2nd-ave-new-york-city
https://www.grubhub.com/restaurant/veselka-144-2nd-ave-new-york-city/312813,312813,Varenyky/Pierogi,Best Seller,$11.00+,veselka-144-2nd-ave-new-york-city
https://www.grubhub.com/restaurant/veselka-144-2nd-ave-new-york-city/312813,312813,Varenyky/Pierogi,WCK Bowl,$21.00,veselka-144-2nd-ave-new-york-city
https://www.grubhub.com/restaurant/veselka-144-2nd-ave-new-york-city/312813,312813,Soups,Ukrainian Borscht - Pint,$10.00,veselka-144-2nd-ave-new-york-city
https://www.grubhub.com/restaurant/veselka-144-2nd-ave-new-york-city/312813,312813,Soups,Ukrainian Borscht - Quart,$16.00,veselka-144-2nd-ave-new-york-city
https://www.grubhub.com/restaurant/veselka-144-2nd-ave-new-york-city/312813,312813,Soups,Chicken Noodle Soup - Pint,$10.00,veselka-144-2nd-ave-new-york-city
https://www.grubhub.com/restaurant/veselka-144-2nd-ave-new-york-city/312813,312813,Soups,Chicken Noodle - Quart,$15.00,veselka-144-2nd-ave-new-york-city
https://www.grubhub.com/restaurant/veselka-144-2nd-ave-new-york-city/312813,312813,Soups,Matzoh Ball - Pint,$10.00,veselka-144-2nd-ave-new-york-city
https://www.grubhub.com/restaurant/veselka-144-2nd-ave-new-york-city/312813,312813,Soups,Matzoh Ball - Quart,$15.00,veselka-144-2nd-ave-new-york-city
https://www.grubhub.com/restaurant/veselka-144-2nd-ave-new-york-city/312813,312813,Soups,Vegetable Soup - Pint,$10.00,veselka-144-2nd-ave-new-york-city
https://www.grubhub.com/restaurant/veselka-144-2nd-ave-new-york-city/312813,312813,Soups,Vegetable Soup - Quart,$16.00,veselka-144-2nd-ave-new-york-city
https://www.grubhub.com/restaurant/veselka-144-2nd-ave-new-york-city/312813,312813,Soups,Extra Matzoh Ball,$3.00,veselka-144-2nd-ave-new-york-city
https://www.grubhub.com/restaurant/veselka-144-2nd-ave-new-york-city/312813,312813,Soups,Vegetarian Borscht - Pint,$10.00,veselka-144-2nd-ave-new-york-city
https://www.grubhub.com/restaurant/veselka-144-2nd-ave-new-york-city/312813,312813,Soups,Lentil Soup - Pint,$10.00,veselka-144-2nd-ave-new-york-city
https://www.grubhub.com/restaurant/veselka-144-2nd-ave-new-york-city/312813,312813,Soups,Lentil Soup - Quart,$16.00,veselka-144-2nd-ave-new-york-city
https://www.grubhub.com/restaurant/veselka-144-2nd-ave-new-york-city/312813,312813,Soups,Mushroom Barley - Quart,$16.00,veselka-144-2nd-ave-new-york-city
https://www.grubhub.com/restaurant/veselka-144-2nd-ave-new-york-city/312813,312813,Soups,Mushroom Barley - Pint,$10.00,veselka-144-2nd-ave-new-york-city
https://www.grubhub.com/restaurant/veselka-144-2nd-ave-new-york-city/312813,312813,Veselka Classics,Beef Stroganoff,$28.00,veselka-144-2nd-ave-new-york-city
https://www.grubhub.com/restaurant/veselka-144-2nd-ave-new-york-city/312813,312813,Veselka Classics,Stuffed Cabbage,$24.00,veselka-144-2nd-ave-new-york-city
https://www.grubhub.com/restaurant/veselka-144-2nd-ave-new-york-city/312813,312813,Veselka Classics,Ola's Famous Veal Goulash,$29.00,veselka-144-2nd-ave-new-york-city
https://www.grubhub.com/restaurant/veselka-144-2nd-ave-new-york-city/312813,312813,Veselka Classics,Mixed Ukrainian Grill,$27.00,veselka-144-2nd-ave-new-york-city
https://www.grubhub.com/restaurant/veselka-144-2nd-ave-new-york-city/312813,312813,Veselka Classics,Bigos,$25.00,veselka-144-2nd-ave-new-york-city
https://www.grubhub.com/restaurant/veselka-144-2nd-ave-new-york-city/312813,312813,Veselka Classics,Chicken Paprikash,$26.00,veselka-144-2nd-ave-new-york-city
https://www.grubhub.com/restaurant/veselka-144-2nd-ave-new-york-city/312813,312813,Veselka Combos,Meat Plate Combo,$26.00,veselka-144-2nd-ave-new-york-city
https://www.grubhub.com/restaurant/veselka-144-2nd-ave-new-york-city/312813,312813,Veselka Combos,Deluxe Meat Combo,$29.00,veselka-144-2nd-ave-new-york-city
https://www.grubhub.com/restaurant/veselka-144-2nd-ave-new-york-city/312813,312813,Veselka Combos,Vegetarian Combo Plate,$24.00,veselka-144-2nd-ave-new-york-city
https://www.grubhub.com/restaurant/veselka-144-2nd-ave-new-york-city/312813,312813,Veselka Combos,Deluxe Vegetarian Combo,$25.00,veselka-144-2nd-ave-new-york-city
https://www.grubhub.com/restaurant/veselka-144-2nd-ave-new-york-city/312813,312813,Potato Pancakes,Single Potato Pancake,$7.00,veselka-144-2nd-ave-new-york-city
https://www.grubhub.com/restaurant/veselka-144-2nd-ave-new-york-city/312813,312813,Potato Pancakes,Potato Pancake Plate,$18.00,veselka-144-2nd-ave-new-york-city
https://www.grubhub.com/restaurant/veselka-144-2nd-ave-new-york-city/312813,312813,Potato Pancakes,Potato Pancake Combo Plate,$20.00,veselka-144-2nd-ave-new-york-city
https://www.grubhub.com/restaurant/veselka-144-2nd-ave-new-york-city/312813,312813,Blintzes,Blintz Single,$10.00,veselka-144-2nd-ave-new-york-city
https://www.grubhub.com/restaurant/veselka-144-2nd-ave-new-york-city/312813,312813,Blintzes,Blintz Plate,$18.00,veselka-144-2nd-ave-new-york-city
https://www.grubhub.com/restaurant/veselka-144-2nd-ave-new-york-city/312813,312813,Blintzes,Fruit Salad w/Blintz,$15.00,veselka-144-2nd-ave-new-york-city
https://www.grubhub.com/restaurant/veselka-144-2nd-ave-new-york-city/312813,312813,Sandwiches,Veselka's Reuben,$20.00,veselka-144-2nd-ave-new-york-city
https://www.grubhub.com/restaurant/veselka-144-2nd-ave-new-york-city/312813,312813,Sandwiches,Madame Alexander,$18.00,veselka-144-2nd-ave-new-york-city
https://www.grubhub.com/restaurant/veselka-144-2nd-ave-new-york-city/312813,312813,Sandwiches,Schnitzel Sandwich,$19.00,veselka-144-2nd-ave-new-york-city
https://www.grubhub.com/restaurant/veselka-144-2nd-ave-new-york-city/312813,312813,Sandwiches,Grilled Cheese Sandwich,$14.00+,veselka-144-2nd-ave-new-york-city
https://www.grubhub.com/restaurant/veselka-144-2nd-ave-new-york-city/312813,312813,Sandwiches,Tuna Melt,$19.00+,veselka-144-2nd-ave-new-york-city
https://www.grubhub.com/restaurant/veselka-144-2nd-ave-new-york-city/312813,312813,Sandwiches,Tuna Salad Sandwich,$17.00+,veselka-144-2nd-ave-new-york-city
https://www.grubhub.com/restaurant/veselka-144-2nd-ave-new-york-city/312813,312813,Sandwiches,Chicken Salad Sandwich,$17.00+,veselka-144-2nd-ave-new-york-city
https://www.grubhub.com/restaurant/veselka-144-2nd-ave-new-york-city/312813,312813,Sandwiches,BLT,$16.00+,veselka-144-2nd-ave-new-york-city
https://www.grubhub.com/restaurant/veselka-144-2nd-ave-new-york-city/312813,312813,Sandwiches,Smoked Turkey BLT,$20.00+,veselka-144-2nd-ave-new-york-city
https://www.grubhub.com/restaurant/veselka-144-2nd-ave-new-york-city/312813,312813,Burgers,Burger,$18.00,veselka-144-2nd-ave-new-york-city
https://www.grubhub.com/restaurant/veselka-144-2nd-ave-new-york-city/312813,312813,Burgers,Veggie Burger,$16.00,veselka-144-2nd-ave-new-york-city
https://www.grubhub.com/restaurant/veselka-144-2nd-ave-new-york-city/312813,312813,Burgers,Salmon Burger,$21.00,veselka-144-2nd-ave-new-york-city
https://www.grubhub.com/restaurant/veselka-144-2nd-ave-new-york-city/312813,312813,Salads,East Village Spinach Salad,$21.00,veselka-144-2nd-ave-new-york-city
https://www.grubhub.com/restaurant/veselka-144-2nd-ave-new-york-city/312813,312813,Salads,Salad - Beet & Goat Cheese,$20.00,veselka-144-2nd-ave-new-york-city
https://www.grubhub.com/restaurant/veselka-144-2nd-ave-new-york-city/312813,312813,Salads,Salad - Lentil Salad,$20.00,veselka-144-2nd-ave-new-york-city
https://www.grubhub.com/restaurant/veselka-144-2nd-ave-new-york-city/312813,312813,Salads,Salad - Tuna Salad & Greens,$19.00,veselka-144-2nd-ave-new-york-city
https://www.grubhub.com/restaurant/veselka-144-2nd-ave-new-york-city/312813,312813,Salads,Salad - Chicken Salad & Greens,$19.00,veselka-144-2nd-ave-new-york-city
https://www.grubhub.com/restaurant/veselka-144-2nd-ave-new-york-city/312813,312813,Sides,Beet/Horseradish Salad,$7.00,veselka-144-2nd-ave-new-york-city
https://www.grubhub.com/restaurant/veselka-144-2nd-ave-new-york-city/312813,312813,Sides,Steamed Broccoli/Cauliflower,$7.00,veselka-144-2nd-ave-new-york-city
https://www.grubhub.com/restaurant/veselka-144-2nd-ave-new-york-city/312813,312813,Sides,Coleslaw,$7.00,veselka-144-2nd-ave-new-york-city
https://www.grubhub.com/restaurant/veselka-144-2nd-ave-new-york-city/312813,312813,Sides,Egg Noodles,$7.00,veselka-144-2nd-ave-new-york-city
https://www.grubhub.com/restaurant/veselka-144-2nd-ave-new-york-city/312813,312813,Sides,French Fries,$7.00,veselka-144-2nd-ave-new-york-city
https://www.grubhub.com/restaurant/veselka-144-2nd-ave-new-york-city/312813,312813,Sides,Side Salad,$7.00,veselka-144-2nd-ave-new-york-city
https://www.grubhub.com/restaurant/veselka-144-2nd-ave-new-york-city/312813,312813,Sides,Kasha,$7.00,veselka-144-2nd-ave-new-york-city
https://www.grubhub.com/restaurant/veselka-144-2nd-ave-new-york-city/312813,312813,Sides,SD Mash Pot,$7.00,veselka-144-2nd-ave-new-york-city
https://www.grubhub.com/restaurant/veselka-144-2nd-ave-new-york-city/312813,312813,Sides,SD Potato Salad,$7.00,veselka-144-2nd-ave-new-york-city
https://www.grubhub.com/restaurant/veselka-144-2nd-ave-new-york-city/312813,312813,Sides,SD Pot Pancake,$7.00,veselka-144-2nd-ave-new-york-city
https://www.grubhub.com/restaurant/veselka-144-2nd-ave-new-york-city/312813,312813,Sides,Sauerkraut,$7.00,veselka-144-2nd-ave-new-york-city
https://www.grubhub.com/restaurant/veselka-144-2nd-ave-new-york-city/312813,312813,Sides,SD Halushky,$7.00,veselka-144-2nd-ave-new-york-city
https://www.grubhub.com/restaurant/veselka-144-2nd-ave-new-york-city/312813,312813,Breakfast Sandwich,Custom Egg Sandwich,$4.00+,veselka-144-2nd-ave-new-york-city
https://www.grubhub.com/restaurant/veselka-144-2nd-ave-new-york-city/312813,312813,Breakfast Sandwich,Classic Fried Egg Sandwich,$11.00+,veselka-144-2nd-ave-new-york-city
https://www.grubhub.com/restaurant/veselka-144-2nd-ave-new-york-city/312813,312813,Breakfast Sandwich,Veselka's Special Fried Egg Sandwich,$12.00+,veselka-144-2nd-ave-new-york-city
https://www.grubhub.com/restaurant/veselka-144-2nd-ave-new-york-city/312813,312813,Breakfast Sandwich,Fried Egg with the Works Sandwich,$13.00+,veselka-144-2nd-ave-new-york-city
https://www.grubhub.com/restaurant/veselka-144-2nd-ave-new-york-city/312813,312813,Breakfast Sandwich,Bagel w/Smoked Salmon,$18.00,veselka-144-2nd-ave-new-york-city
https://www.grubhub.com/restaurant/veselka-144-2nd-ave-new-york-city/312813,312813,Eggs/Omelettes,Western Omelette,$16.00+,veselka-144-2nd-ave-new-york-city
https://www.grubhub.com/restaurant/veselka-144-2nd-ave-new-york-city/312813,312813,Eggs/Omelettes,Mediteranean Omelette,$15.00,veselka-144-2nd-ave-new-york-city
https://www.grubhub.com/restaurant/veselka-144-2nd-ave-new-york-city/312813,312813,Eggs/Omelettes,Omelette,$13.00,veselka-144-2nd-ave-new-york-city
https://www.grubhub.com/restaurant/veselka-144-2nd-ave-new-york-city/312813,312813,Eggs/Omelettes,Two Eggs Any Style,$11.00+,veselka-144-2nd-ave-new-york-city
https://www.grubhub.com/restaurant/veselka-144-2nd-ave-new-york-city/312813,312813,Eggs/Omelettes,Dbl Corn Beef Hash W/ Eggs,$17.00+,veselka-144-2nd-ave-new-york-city
https://www.grubhub.com/restaurant/veselka-144-2nd-ave-new-york-city/312813,312813,Breakfast Sides,Side Bacon,$7.00,veselka-144-2nd-ave-new-york-city
https://www.grubhub.com/restaurant/veselka-144-2nd-ave-new-york-city/312813,312813,Breakfast Sides,Side Kielbasa,$7.00,veselka-144-2nd-ave-new-york-city
https://www.grubhub.com/restaurant/veselka-144-2nd-ave-new-york-city/312813,312813,Breakfast Sides,Side Corned Beef Hash,$14.00,veselka-144-2nd-ave-new-york-city
https://www.grubhub.com/restaurant/veselka-144-2nd-ave-new-york-city/312813,312813,Breakfast Sides,Side Pork Sausage,$7.00,veselka-144-2nd-ave-new-york-city
https://www.grubhub.com/restaurant/veselka-144-2nd-ave-new-york-city/312813,312813,Bakery and Desserts,Carrot Cake,$9.00,veselka-144-2nd-ave-new-york-city
https://www.grubhub.com/restaurant/veselka-144-2nd-ave-new-york-city/312813,312813,Bakery and Desserts,Cheese Cake,$10.00,veselka-144-2nd-ave-new-york-city
https://www.grubhub.com/restaurant/veselka-144-2nd-ave-new-york-city/312813,312813,Bakery and Desserts,Poppy Seed Bread,$6.00,veselka-144-2nd-ave-new-york-city
https://www.grubhub.com/restaurant/veselka-144-2nd-ave-new-york-city/312813,312813,Bakery and Desserts,Brownie,$7.00,veselka-144-2nd-ave-new-york-city
https://www.grubhub.com/restaurant/veselka-144-2nd-ave-new-york-city/312813,312813,Bakery and Desserts,Cookie B/Y,$6.00,veselka-144-2nd-ave-new-york-city
https://www.grubhub.com/restaurant/veselka-144-2nd-ave-new-york-city/312813,312813,Bakery and Desserts,Apricot Raspberry Bar,$7.00,veselka-144-2nd-ave-new-york-city
https://www.grubhub.com/restaurant/veselka-144-2nd-ave-new-york-city/312813,312813,Bakery and Desserts,Rice Krispy Treat,$4.00,veselka-144-2nd-ave-new-york-city
https://www.grubhub.com/restaurant/veselka-144-2nd-ave-new-york-city/312813,312813,Bakery and Desserts,Chocolate Custard,$9.00,veselka-144-2nd-ave-new-york-city
https://www.grubhub.com/restaurant/veselka-144-2nd-ave-new-york-city/312813,312813,Bakery and Desserts,Challah Loaf,$6.00,veselka-144-2nd-ave-new-york-city
https://www.grubhub.com/restaurant/veselka-144-2nd-ave-new-york-city/312813,312813,Bakery and Desserts,Apple Crumb Cake,$9.00,veselka-144-2nd-ave-new-york-city
https://www.grubhub.com/restaurant/veselka-144-2nd-ave-new-york-city/312813,312813,Bakery and Desserts,Medovyk,$10.00,veselka-144-2nd-ave-new-york-city
https://www.grubhub.com/restaurant/veselka-144-2nd-ave-new-york-city/312813,312813,Coffee/Espr./Tea,Coffee,$3.00,veselka-144-2nd-ave-new-york-city
https://www.grubhub.com/restaurant/veselka-144-2nd-ave-new-york-city/312813,312813,Coffee/Espr./Tea,Espresso Drinks,$6.00,veselka-144-2nd-ave-new-york-city
https://www.grubhub.com/restaurant/veselka-144-2nd-ave-new-york-city/312813,312813,Soda/Juice,Soda,$3.00,veselka-144-2nd-ave-new-york-city
https://www.grubhub.com/restaurant/veselka-144-2nd-ave-new-york-city/312813,312813,Soda/Juice,Juice,$5.00+,veselka-144-2nd-ave-new-york-city
https://www.grubhub.com/restaurant/pantanos-kitchen-1308-broadway-hewlett/2809912,2809912,Our Specialties,The Guido-#1 Seller,$13.95+,pantanos-kitchen-1308-broadway-hewlett
https://www.grubhub.com/restaurant/pantanos-kitchen-1308-broadway-hewlett/2809912,2809912,Our Specialties,Sloppy Giuseppe,$13.95,pantanos-kitchen-1308-broadway-hewlett
https://www.grubhub.com/restaurant/pantanos-kitchen-1308-broadway-hewlett/2809912,2809912,Our Specialties,Il Bacio Sandwich,$13.95+,pantanos-kitchen-1308-broadway-hewlett
https://www.grubhub.com/restaurant/pantanos-kitchen-1308-broadway-hewlett/2809912,2809912,Our Specialties,Toyota Sandwich,$13.95+,pantanos-kitchen-1308-broadway-hewlett
https://www.grubhub.com/restaurant/pantanos-kitchen-1308-broadway-hewlett/2809912,2809912,Our Specialties,The Delivery Boy Special Sandwich,$13.95+,pantanos-kitchen-1308-broadway-hewlett
https://www.grubhub.com/restaurant/pantanos-kitchen-1308-broadway-hewlett/2809912,2809912,Our Specialties,Frank Sinatra Sandwich,$11.49+,pantanos-kitchen-1308-broadway-hewlett
https://www.grubhub.com/restaurant/pantanos-kitchen-1308-broadway-hewlett/2809912,2809912,Our Specialties,The Bomb Hero,$16.95,pantanos-kitchen-1308-broadway-hewlett
https://www.grubhub.com/restaurant/pantanos-kitchen-1308-broadway-hewlett/2809912,2809912,Our Specialties,Hollywood Sandwich,$13.95+,pantanos-kitchen-1308-broadway-hewlett
https://www.grubhub.com/restaurant/pantanos-kitchen-1308-broadway-hewlett/2809912,2809912,Our Specialties,Phil Special Sandwich,$14.95+,pantanos-kitchen-1308-broadway-hewlett
https://www.grubhub.com/restaurant/pantanos-kitchen-1308-broadway-hewlett/2809912,2809912,Our Specialties,The Pesci Sandwich,$13.95+,pantanos-kitchen-1308-broadway-hewlett
https://www.grubhub.com/restaurant/pantanos-kitchen-1308-broadway-hewlett/2809912,2809912,Our Specialties,The Joe D Sandwich,$13.95+,pantanos-kitchen-1308-broadway-hewlett
https://www.grubhub.com/restaurant/pantanos-kitchen-1308-broadway-hewlett/2809912,2809912,Our Specialties,The Tony Vota Sandwich,$14.95+,pantanos-kitchen-1308-broadway-hewlett
https://www.grubhub.com/restaurant/pantanos-kitchen-1308-broadway-hewlett/2809912,2809912,Our Specialties,The Italiano Sandwich,$14.95+,pantanos-kitchen-1308-broadway-hewlett
https://www.grubhub.com/restaurant/pantanos-kitchen-1308-broadway-hewlett/2809912,2809912,Our Specialties,The Jenny Sandwich,$13.95+,pantanos-kitchen-1308-broadway-hewlett
https://www.grubhub.com/restaurant/pantanos-kitchen-1308-broadway-hewlett/2809912,2809912,Our Specialties,The Burnside Sandwich,$12.49+,pantanos-kitchen-1308-broadway-hewlett
https://www.grubhub.com/restaurant/pantanos-kitchen-1308-broadway-hewlett/2809912,2809912,Our Specialties,Central Avenue Sandwich,$12.95+,pantanos-kitchen-1308-broadway-hewlett
https://www.grubhub.com/restaurant/pantanos-kitchen-1308-broadway-hewlett/2809912,2809912,Our Specialties,The Rao Sandwich,$13.95+,pantanos-kitchen-1308-broadway-hewlett
https://www.grubhub.com/restaurant/pantanos-kitchen-1308-broadway-hewlett/2809912,2809912,Our Specialties,The Boarder Sandwich,$12.95+,pantanos-kitchen-1308-broadway-hewlett
https://www.grubhub.com/restaurant/pantanos-kitchen-1308-broadway-hewlett/2809912,2809912,Our Specialties,The Michaelangelo Sandwich,$12.95+,pantanos-kitchen-1308-broadway-hewlett
https://www.grubhub.com/restaurant/pantanos-kitchen-1308-broadway-hewlett/2809912,2809912,Our Specialties,The 878 Sandwich,$10.95+,pantanos-kitchen-1308-broadway-hewlett
https://www.grubhub.com/restaurant/pantanos-kitchen-1308-broadway-hewlett/2809912,2809912,Our Specialties,The Smokey Joe Sandwich,$14.95+,pantanos-kitchen-1308-broadway-hewlett
https://www.grubhub.com/restaurant/pantanos-kitchen-1308-broadway-hewlett/2809912,2809912,Our Specialties,The Duke's Dip Sandwich,$17.95+,pantanos-kitchen-1308-broadway-hewlett
https://www.grubhub.com/restaurant/pantanos-kitchen-1308-broadway-hewlett/2809912,2809912,Breakfast Special,Jose Breakfast Burito,$11.99,pantanos-kitchen-1308-broadway-hewlett
https://www.grubhub.com/restaurant/pantanos-kitchen-1308-broadway-hewlett/2809912,2809912,Breakfast Special,Eggs on a Roll,$4.99+,pantanos-kitchen-1308-broadway-hewlett
https://www.grubhub.com/restaurant/pantanos-kitchen-1308-broadway-hewlett/2809912,2809912,Breakfast Special,Egg on a Roll with 1 Item,$6.99+,pantanos-kitchen-1308-broadway-hewlett
https://www.grubhub.com/restaurant/pantanos-kitchen-1308-broadway-hewlett/2809912,2809912,Breakfast Special,Egg on a Roll with 2 Items,$8.95+,pantanos-kitchen-1308-broadway-hewlett
https://www.grubhub.com/restaurant/pantanos-kitchen-1308-broadway-hewlett/2809912,2809912,Breakfast Special,The Lenny Sandwich,$8.95+,pantanos-kitchen-1308-broadway-hewlett
https://www.grubhub.com/restaurant/pantanos-kitchen-1308-broadway-hewlett/2809912,2809912,Breakfast Special,The Eye Opener Sandwich,$11.99+,pantanos-kitchen-1308-broadway-hewlett
https://www.grubhub.com/restaurant/pantanos-kitchen-1308-broadway-hewlett/2809912,2809912,Breakfast Special,Buon Giorno Panini,$10.95+,pantanos-kitchen-1308-broadway-hewlett
https://www.grubhub.com/restaurant/pantanos-kitchen-1308-broadway-hewlett/2809912,2809912,Breakfast Special,The Harbor Sandwich,$8.99+,pantanos-kitchen-1308-broadway-hewlett
https://www.grubhub.com/restaurant/pantanos-kitchen-1308-broadway-hewlett/2809912,2809912,Breakfast Special,BLT Sandwich,$9.99+,pantanos-kitchen-1308-broadway-hewlett
https://www.grubhub.com/restaurant/pantanos-kitchen-1308-broadway-hewlett/2809912,2809912,Breakfast Special,Big Boy Hero,$12.95,pantanos-kitchen-1308-broadway-hewlett
https://www.grubhub.com/restaurant/pantanos-kitchen-1308-broadway-hewlett/2809912,2809912,Beverages,Iced Tea,$4.50+,pantanos-kitchen-1308-broadway-hewlett
https://www.grubhub.com/restaurant/pantanos-kitchen-1308-broadway-hewlett/2809912,2809912,Beverages,Lemonade,$4.50+,pantanos-kitchen-1308-broadway-hewlett
https://www.grubhub.com/restaurant/pantanos-kitchen-1308-broadway-hewlett/2809912,2809912,Beverages,14 oz. Juice,$3.99,pantanos-kitchen-1308-broadway-hewlett
https://www.grubhub.com/restaurant/pantanos-kitchen-1308-broadway-hewlett/2809912,2809912,Beverages,Iced Coffee,$5.44+,pantanos-kitchen-1308-broadway-hewlett
https://www.grubhub.com/restaurant/pantanos-kitchen-1308-broadway-hewlett/2809912,2809912,Beverages,Small Bottled Water 16 oz.,$2.39,pantanos-kitchen-1308-broadway-hewlett
https://www.grubhub.com/restaurant/pantanos-kitchen-1308-broadway-hewlett/2809912,2809912,Beverages,Snapple 16 oz.,$3.69,pantanos-kitchen-1308-broadway-hewlett
https://www.grubhub.com/restaurant/pantanos-kitchen-1308-broadway-hewlett/2809912,2809912,Beverages,Gatorade,$3.49,pantanos-kitchen-1308-broadway-hewlett
https://www.grubhub.com/restaurant/pantanos-kitchen-1308-broadway-hewlett/2809912,2809912,Beverages,20 oz. Bottle,$3.69,pantanos-kitchen-1308-broadway-hewlett
https://www.grubhub.com/restaurant/pantanos-kitchen-1308-broadway-hewlett/2809912,2809912,Beverages,Arizona,$3.69,pantanos-kitchen-1308-broadway-hewlett
https://www.grubhub.com/restaurant/pantanos-kitchen-1308-broadway-hewlett/2809912,2809912,Beverages,14 oz. Nesquik Bottle,$3.69,pantanos-kitchen-1308-broadway-hewlett
https://www.grubhub.com/restaurant/pantanos-kitchen-1308-broadway-hewlett/2809912,2809912,Beverages,Stewart Soda,$3.69,pantanos-kitchen-1308-broadway-hewlett
https://www.grubhub.com/restaurant/pantanos-kitchen-1308-broadway-hewlett/2809912,2809912,Beverages,Hot Coffee,$3.00+,pantanos-kitchen-1308-broadway-hewlett
https://www.grubhub.com/restaurant/pantanos-kitchen-1308-broadway-hewlett/2809912,2809912,Beverages,Hot Tea,$2.99+,pantanos-kitchen-1308-broadway-hewlett
https://www.grubhub.com/restaurant/pantanos-kitchen-1308-broadway-hewlett/2809912,2809912,Egg Platters,3 Eggs Any Style Platter,$9.95+,pantanos-kitchen-1308-broadway-hewlett
https://www.grubhub.com/restaurant/pantanos-kitchen-1308-broadway-hewlett/2809912,2809912,Egg Platters,Vegetable Platter,$10.99+,pantanos-kitchen-1308-broadway-hewlett
https://www.grubhub.com/restaurant/pantanos-kitchen-1308-broadway-hewlett/2809912,2809912,Egg Platters,Western Platter,$10.95+,pantanos-kitchen-1308-broadway-hewlett
https://www.grubhub.com/restaurant/pantanos-kitchen-1308-broadway-hewlett/2809912,2809912,Breakfast on the Grill,French Toast,$9.95,pantanos-kitchen-1308-broadway-hewlett
https://www.grubhub.com/restaurant/pantanos-kitchen-1308-broadway-hewlett/2809912,2809912,Breakfast on the Grill,Heavenly French Toast,$12.95,pantanos-kitchen-1308-broadway-hewlett
https://www.grubhub.com/restaurant/pantanos-kitchen-1308-broadway-hewlett/2809912,2809912,Breakfast on the Grill,Grilled Cheese,$6.95+,pantanos-kitchen-1308-broadway-hewlett
https://www.grubhub.com/restaurant/pantanos-kitchen-1308-broadway-hewlett/2809912,2809912,Breakfast on the Grill,Oh My French Toast,$12.95,pantanos-kitchen-1308-broadway-hewlett
https://www.grubhub.com/restaurant/pantanos-kitchen-1308-broadway-hewlett/2809912,2809912,Breakfast on the Grill,Grilled Cheese Special,$12.95,pantanos-kitchen-1308-broadway-hewlett
https://www.grubhub.com/restaurant/pantanos-kitchen-1308-broadway-hewlett/2809912,2809912,Breakfast on the Grill,Ham and Egg Melt,$12.95,pantanos-kitchen-1308-broadway-hewlett
https://www.grubhub.com/restaurant/pantanos-kitchen-1308-broadway-hewlett/2809912,2809912,Breakfast on the Grill,Homemade Belgium Waffle,$8.99,pantanos-kitchen-1308-broadway-hewlett
https://www.grubhub.com/restaurant/pantanos-kitchen-1308-broadway-hewlett/2809912,2809912,Breakfast on the Grill,Panwich,$9.98,pantanos-kitchen-1308-broadway-hewlett
https://www.grubhub.com/restaurant/pantanos-kitchen-1308-broadway-hewlett/2809912,2809912,Breakfast on the Grill,The Ultimate Stack,$13.95,pantanos-kitchen-1308-broadway-hewlett
https://www.grubhub.com/restaurant/pantanos-kitchen-1308-broadway-hewlett/2809912,2809912,Breakfast on the Grill,Famous Banana Stack,$12.95,pantanos-kitchen-1308-broadway-hewlett
https://www.grubhub.com/restaurant/pantanos-kitchen-1308-broadway-hewlett/2809912,2809912,Breakfast on the Grill,3 Chocolate Chip Pancakes,$10.95,pantanos-kitchen-1308-broadway-hewlett
https://www.grubhub.com/restaurant/pantanos-kitchen-1308-broadway-hewlett/2809912,2809912,Breakfast on the Grill,Sunrise Quesidilla,$13.95,pantanos-kitchen-1308-broadway-hewlett
https://www.grubhub.com/restaurant/pantanos-kitchen-1308-broadway-hewlett/2809912,2809912,Breakfast on the Grill,3 Buttermilk Pancakes,$9.95,pantanos-kitchen-1308-broadway-hewlett
https://www.grubhub.com/restaurant/pantanos-kitchen-1308-broadway-hewlett/2809912,2809912,Breakfast Omelettes,Merrick Omelette,$12.95,pantanos-kitchen-1308-broadway-hewlett
https://www.grubhub.com/restaurant/pantanos-kitchen-1308-broadway-hewlett/2809912,2809912,Breakfast Omelettes,Mimmas Omelette,$12.95+,pantanos-kitchen-1308-broadway-hewlett
https://www.grubhub.com/restaurant/pantanos-kitchen-1308-broadway-hewlett/2809912,2809912,Breakfast Omelettes,Italian Omelette,$12.95+,pantanos-kitchen-1308-broadway-hewlett
https://www.grubhub.com/restaurant/pantanos-kitchen-1308-broadway-hewlett/2809912,2809912,Breakfast Omelettes,Greek Omelette,$12.95+,pantanos-kitchen-1308-broadway-hewlett
https://www.grubhub.com/restaurant/pantanos-kitchen-1308-broadway-hewlett/2809912,2809912,Breakfast Omelettes,Spanish Omelette,$12.95+,pantanos-kitchen-1308-broadway-hewlett
https://www.grubhub.com/restaurant/pantanos-kitchen-1308-broadway-hewlett/2809912,2809912,Breakfast Omelettes,American Omelette- TOP SELLER!!,$12.95+,pantanos-kitchen-1308-broadway-hewlett
https://www.grubhub.com/restaurant/pantanos-kitchen-1308-broadway-hewlett/2809912,2809912,Breakfast Omelettes,Boardwalk Omelette,$13.95+,pantanos-kitchen-1308-broadway-hewlett
https://www.grubhub.com/restaurant/pantanos-kitchen-1308-broadway-hewlett/2809912,2809912,Breakfast Sides,4 Piece Applewood Bacon,$5.25,pantanos-kitchen-1308-broadway-hewlett
https://www.grubhub.com/restaurant/pantanos-kitchen-1308-broadway-hewlett/2809912,2809912,Breakfast Sides,4 Piece Turkey Bacon,$4.99,pantanos-kitchen-1308-broadway-hewlett
https://www.grubhub.com/restaurant/pantanos-kitchen-1308-broadway-hewlett/2809912,2809912,Breakfast Sides,4 Piece Sausage Links,$4.75,pantanos-kitchen-1308-broadway-hewlett
https://www.grubhub.com/restaurant/pantanos-kitchen-1308-broadway-hewlett/2809912,2809912,Breakfast Sides,Home Fries,$5.25,pantanos-kitchen-1308-broadway-hewlett
https://www.grubhub.com/restaurant/pantanos-kitchen-1308-broadway-hewlett/2809912,2809912,Breakfast Sides,2 Hashbrowns,$4.49,pantanos-kitchen-1308-broadway-hewlett
https://www.grubhub.com/restaurant/pantanos-kitchen-1308-broadway-hewlett/2809912,2809912,Desserts and Treats,Yogurt Muffin,$3.79,pantanos-kitchen-1308-broadway-hewlett
https://www.grubhub.com/restaurant/pantanos-kitchen-1308-broadway-hewlett/2809912,2809912,Desserts and Treats,Crumb Cake,$3.79,pantanos-kitchen-1308-broadway-hewlett
https://www.grubhub.com/restaurant/pantanos-kitchen-1308-broadway-hewlett/2809912,2809912,Desserts and Treats,Brownie,$3.79,pantanos-kitchen-1308-broadway-hewlett
https://www.grubhub.com/restaurant/pantanos-kitchen-1308-broadway-hewlett/2809912,2809912,Desserts and Treats,Big Cookie,$3.99,pantanos-kitchen-1308-broadway-hewlett
https://www.grubhub.com/restaurant/pantanos-kitchen-1308-broadway-hewlett/2809912,2809912,Desserts and Treats,Rainbow Cookies,$3.89,pantanos-kitchen-1308-broadway-hewlett
https://www.grubhub.com/restaurant/pantanos-kitchen-1308-broadway-hewlett/2809912,2809912,Desserts and Treats,Pound Cake,$3.79,pantanos-kitchen-1308-broadway-hewlett
https://www.grubhub.com/restaurant/pantanos-kitchen-1308-broadway-hewlett/2809912,2809912,Appetizers,Crazy Tots,$10.95,pantanos-kitchen-1308-broadway-hewlett
https://www.grubhub.com/restaurant/pantanos-kitchen-1308-broadway-hewlett/2809912,2809912,Appetizers,4 Fried Cheese Ravioli,$11.95,pantanos-kitchen-1308-broadway-hewlett
https://www.grubhub.com/restaurant/pantanos-kitchen-1308-broadway-hewlett/2809912,2809912,Appetizers,Macaroni and Cheese,$9.95,pantanos-kitchen-1308-broadway-hewlett
https://www.grubhub.com/restaurant/pantanos-kitchen-1308-broadway-hewlett/2809912,2809912,Appetizers,4 Potato Skins,$10.95,pantanos-kitchen-1308-broadway-hewlett
https://www.grubhub.com/restaurant/pantanos-kitchen-1308-broadway-hewlett/2809912,2809912,Appetizers,6 Mozzarella Sticks,$12.95,pantanos-kitchen-1308-broadway-hewlett
https://www.grubhub.com/restaurant/pantanos-kitchen-1308-broadway-hewlett/2809912,2809912,Appetizers,5 Mini Crab Cakes,$12.95,pantanos-kitchen-1308-broadway-hewlett
https://www.grubhub.com/restaurant/pantanos-kitchen-1308-broadway-hewlett/2809912,2809912,Appetizers,Mashed Potatoes,$9.98+,pantanos-kitchen-1308-broadway-hewlett
https://www.grubhub.com/restaurant/pantanos-kitchen-1308-broadway-hewlett/2809912,2809912,Appetizers,4 Coconut Shrimp,$10.95,pantanos-kitchen-1308-broadway-hewlett
https://www.grubhub.com/restaurant/pantanos-kitchen-1308-broadway-hewlett/2809912,2809912,Chicken Appetizers,6 Piece Chicken Wings,$12.95,pantanos-kitchen-1308-broadway-hewlett
https://www.grubhub.com/restaurant/pantanos-kitchen-1308-broadway-hewlett/2809912,2809912,Chicken Appetizers,4 Chicken Fingers,$11.95,pantanos-kitchen-1308-broadway-hewlett
https://www.grubhub.com/restaurant/pantanos-kitchen-1308-broadway-hewlett/2809912,2809912,Chicken Appetizers,4 Buffalo Style Chicken Fingers,$12.95,pantanos-kitchen-1308-broadway-hewlett
https://www.grubhub.com/restaurant/pantanos-kitchen-1308-broadway-hewlett/2809912,2809912,Fries and Rings,Regular Fries,$5.49,pantanos-kitchen-1308-broadway-hewlett
https://www.grubhub.com/restaurant/pantanos-kitchen-1308-broadway-hewlett/2809912,2809912,Fries and Rings,Sweet Potato Fries,$7.99,pantanos-kitchen-1308-broadway-hewlett
https://www.grubhub.com/restaurant/pantanos-kitchen-1308-broadway-hewlett/2809912,2809912,Fries and Rings,Waffle Fries,$7.99,pantanos-kitchen-1308-broadway-hewlett
https://www.grubhub.com/restaurant/pantanos-kitchen-1308-broadway-hewlett/2809912,2809912,Fries and Rings,Willie Fries,$9.95,pantanos-kitchen-1308-broadway-hewlett
https://www.grubhub.com/restaurant/pantanos-kitchen-1308-broadway-hewlett/2809912,2809912,Fries and Rings,Beer Battered Onion Rings,$7.99,pantanos-kitchen-1308-broadway-hewlett
https://www.grubhub.com/restaurant/pantanos-kitchen-1308-broadway-hewlett/2809912,2809912,Fries and Rings,Tatar Tots,$5.95,pantanos-kitchen-1308-broadway-hewlett
https://www.grubhub.com/restaurant/pantanos-kitchen-1308-broadway-hewlett/2809912,2809912,Fries and Rings,Crazy Tots,$10.95,pantanos-kitchen-1308-broadway-hewlett
https://www.grubhub.com/restaurant/pantanos-kitchen-1308-broadway-hewlett/2809912,2809912,Homemade Soups,16 oz. Soup of the Day,$8.99,pantanos-kitchen-1308-broadway-hewlett
https://www.grubhub.com/restaurant/pantanos-kitchen-1308-broadway-hewlett/2809912,2809912,Homemade Soups,16 oz. Chicken Vegetable Soup,$8.99,pantanos-kitchen-1308-broadway-hewlett
https://www.grubhub.com/restaurant/pantanos-kitchen-1308-broadway-hewlett/2809912,2809912,Homemade Soups,16 oz. Split Pea Soup,$8.99,pantanos-kitchen-1308-broadway-hewlett
https://www.grubhub.com/restaurant/pantanos-kitchen-1308-broadway-hewlett/2809912,2809912,Homemade Soups,16 oz. Beef Barley Soup,$8.99,pantanos-kitchen-1308-broadway-hewlett
https://www.grubhub.com/restaurant/pantanos-kitchen-1308-broadway-hewlett/2809912,2809912,Homemade Soups,16 oz. Minestrone Soup,$8.99,pantanos-kitchen-1308-broadway-hewlett
https://www.grubhub.com/restaurant/pantanos-kitchen-1308-broadway-hewlett/2809912,2809912,P-licious Salads,Mr. Long Salad- LArge,$17.95+,pantanos-kitchen-1308-broadway-hewlett
https://www.grubhub.com/restaurant/pantanos-kitchen-1308-broadway-hewlett/2809912,2809912,P-licious Salads,Summer Salad- Large,$16.95+,pantanos-kitchen-1308-broadway-hewlett
https://www.grubhub.com/restaurant/pantanos-kitchen-1308-broadway-hewlett/2809912,2809912,P-licious Salads,Asian Salad-Large,$17.95+,pantanos-kitchen-1308-broadway-hewlett
https://www.grubhub.com/restaurant/pantanos-kitchen-1308-broadway-hewlett/2809912,2809912,P-licious Salads,Grilled Chicken Caesar Salad- Large,$17.95+,pantanos-kitchen-1308-broadway-hewlett
https://www.grubhub.com/restaurant/pantanos-kitchen-1308-broadway-hewlett/2809912,2809912,P-licious Salads,Freedman Salad- Large,$17.95+,pantanos-kitchen-1308-broadway-hewlett
https://www.grubhub.com/restaurant/pantanos-kitchen-1308-broadway-hewlett/2809912,2809912,P-licious Salads,Taco Salad Large only,$17.95+,pantanos-kitchen-1308-broadway-hewlett
https://www.grubhub.com/restaurant/pantanos-kitchen-1308-broadway-hewlett/2809912,2809912,P-licious Salads,Alyssa Salad- Large,$16.95+,pantanos-kitchen-1308-broadway-hewlett
https://www.grubhub.com/restaurant/pantanos-kitchen-1308-broadway-hewlett/2809912,2809912,P-licious Salads,BBQ Popcorn Shrimp Salad- large,$17.95+,pantanos-kitchen-1308-broadway-hewlett
https://www.grubhub.com/restaurant/pantanos-kitchen-1308-broadway-hewlett/2809912,2809912,P-licious Salads,Mary's Tuna Mish Salad- Large,$17.95+,pantanos-kitchen-1308-broadway-hewlett
https://www.grubhub.com/restaurant/pantanos-kitchen-1308-broadway-hewlett/2809912,2809912,P-licious Salads,Large Aqua Salad-Large,$17.95+,pantanos-kitchen-1308-broadway-hewlett
https://www.grubhub.com/restaurant/pantanos-kitchen-1308-broadway-hewlett/2809912,2809912,P-licious Salads,Long Beach Salad-Large,$20.95+,pantanos-kitchen-1308-broadway-hewlett
https://www.grubhub.com/restaurant/pantanos-kitchen-1308-broadway-hewlett/2809912,2809912,House Salads,Caesar Salad-Large,$12.95+,pantanos-kitchen-1308-broadway-hewlett
https://www.grubhub.com/restaurant/pantanos-kitchen-1308-broadway-hewlett/2809912,2809912,House Salads,House Salad-Large,$10.95+,pantanos-kitchen-1308-broadway-hewlett
https://www.grubhub.com/restaurant/pantanos-kitchen-1308-broadway-hewlett/2809912,2809912,House Salads,Greek Salad- Small,$11.95+,pantanos-kitchen-1308-broadway-hewlett
https://www.grubhub.com/restaurant/pantanos-kitchen-1308-broadway-hewlett/2809912,2809912,House Salads,Salad Supreme-Small,$11.95+,pantanos-kitchen-1308-broadway-hewlett
https://www.grubhub.com/restaurant/pantanos-kitchen-1308-broadway-hewlett/2809912,2809912,House Salads,The Gym Teacher Salad- Small,$12.95+,pantanos-kitchen-1308-broadway-hewlett
https://www.grubhub.com/restaurant/pantanos-kitchen-1308-broadway-hewlett/2809912,2809912,House Salads,Chef's Salad-Small,$12.95+,pantanos-kitchen-1308-broadway-hewlett
https://www.grubhub.com/restaurant/pantanos-kitchen-1308-broadway-hewlett/2809912,2809912,House Salads,Italian Salad-Small,$12.95+,pantanos-kitchen-1308-broadway-hewlett
https://www.grubhub.com/restaurant/pantanos-kitchen-1308-broadway-hewlett/2809912,2809912,House Salads,Warm Salad- Small,$12.95+,pantanos-kitchen-1308-broadway-hewlett
https://www.grubhub.com/restaurant/pantanos-kitchen-1308-broadway-hewlett/2809912,2809912,Wraps,LITTLE PJ WRAP- NEW CHOICE,$16.95,pantanos-kitchen-1308-broadway-hewlett
https://www.grubhub.com/restaurant/pantanos-kitchen-1308-broadway-hewlett/2809912,2809912,Wraps,THE DRUNK WRAP- BEST SELLER,$15.95,pantanos-kitchen-1308-broadway-hewlett
https://www.grubhub.com/restaurant/pantanos-kitchen-1308-broadway-hewlett/2809912,2809912,Wraps,Mac-Daddy-Wrap- TOP SELLER,$15.95,pantanos-kitchen-1308-broadway-hewlett
https://www.grubhub.com/restaurant/pantanos-kitchen-1308-broadway-hewlett/2809912,2809912,Wraps,Big John Wrap- Top 3 Selling Wrap,$15.95,pantanos-kitchen-1308-broadway-hewlett
https://www.grubhub.com/restaurant/pantanos-kitchen-1308-broadway-hewlett/2809912,2809912,Wraps,BIG TONY WRAP- TOP SELLER,$15.95,pantanos-kitchen-1308-broadway-hewlett
https://www.grubhub.com/restaurant/pantanos-kitchen-1308-broadway-hewlett/2809912,2809912,Wraps,The Perri Wrap,$17.95,pantanos-kitchen-1308-broadway-hewlett
https://www.grubhub.com/restaurant/pantanos-kitchen-1308-broadway-hewlett/2809912,2809912,Wraps,Bono Wrap,$14.95,pantanos-kitchen-1308-broadway-hewlett
https://www.grubhub.com/restaurant/pantanos-kitchen-1308-broadway-hewlett/2809912,2809912,Wraps,Bull Dog Wrap,$13.95,pantanos-kitchen-1308-broadway-hewlett
https://www.grubhub.com/restaurant/pantanos-kitchen-1308-broadway-hewlett/2809912,2809912,Wraps,Mezz Wrap,$13.95,pantanos-kitchen-1308-broadway-hewlett
https://www.grubhub.com/restaurant/pantanos-kitchen-1308-broadway-hewlett/2809912,2809912,Wraps,Broadway Wrap,$12.95,pantanos-kitchen-1308-broadway-hewlett
https://www.grubhub.com/restaurant/pantanos-kitchen-1308-broadway-hewlett/2809912,2809912,Wraps,Zebra Wrap,$12.95,pantanos-kitchen-1308-broadway-hewlett
https://www.grubhub.com/restaurant/pantanos-kitchen-1308-broadway-hewlett/2809912,2809912,Wraps,Taco Wrap,$15.95,pantanos-kitchen-1308-broadway-hewlett
https://www.grubhub.com/restaurant/pantanos-kitchen-1308-broadway-hewlett/2809912,2809912,Wraps,The Rob Wrap-Nice and Spicy!,$13.95,pantanos-kitchen-1308-broadway-hewlett
https://www.grubhub.com/restaurant/pantanos-kitchen-1308-broadway-hewlett/2809912,2809912,Wraps,The Stoner Wrap- Chicken Parm Wrap,$13.95,pantanos-kitchen-1308-broadway-hewlett
https://www.grubhub.com/restaurant/pantanos-kitchen-1308-broadway-hewlett/2809912,2809912,Wraps,Crispy Wrap,$9.95,pantanos-kitchen-1308-broadway-hewlett
https://www.grubhub.com/restaurant/pantanos-kitchen-1308-broadway-hewlett/2809912,2809912,Wraps,Amigo Wrap,$13.95,pantanos-kitchen-1308-broadway-hewlett
https://www.grubhub.com/restaurant/pantanos-kitchen-1308-broadway-hewlett/2809912,2809912,Wraps,The Mia Wrap,$13.95,pantanos-kitchen-1308-broadway-hewlett
https://www.grubhub.com/restaurant/pantanos-kitchen-1308-broadway-hewlett/2809912,2809912,Wraps,Terrific Teriyaki Wrap,$13.95,pantanos-kitchen-1308-broadway-hewlett
https://www.grubhub.com/restaurant/pantanos-kitchen-1308-broadway-hewlett/2809912,2809912,Wraps,The Five-O Wrap,$12.95,pantanos-kitchen-1308-broadway-hewlett
https://www.grubhub.com/restaurant/pantanos-kitchen-1308-broadway-hewlett/2809912,2809912,Wraps,The Asian Wrap,$13.95,pantanos-kitchen-1308-broadway-hewlett
https://www.grubhub.com/restaurant/pantanos-kitchen-1308-broadway-hewlett/2809912,2809912,Wraps,The Mr. Richie Wrap,$15.95,pantanos-kitchen-1308-broadway-hewlett
https://www.grubhub.com/restaurant/pantanos-kitchen-1308-broadway-hewlett/2809912,2809912,Wraps,The Great One Wrap,$13.95,pantanos-kitchen-1308-broadway-hewlett
https://www.grubhub.com/restaurant/pantanos-kitchen-1308-broadway-hewlett/2809912,2809912,Wraps,Portobello Wrap,$11.95,pantanos-kitchen-1308-broadway-hewlett
https://www.grubhub.com/restaurant/pantanos-kitchen-1308-broadway-hewlett/2809912,2809912,Wraps,Ruth's Wrap,$12.95,pantanos-kitchen-1308-broadway-hewlett
https://www.grubhub.com/restaurant/pantanos-kitchen-1308-broadway-hewlett/2809912,2809912,Wraps,Mona Lisa Wrap,$10.96,pantanos-kitchen-1308-broadway-hewlett
https://www.grubhub.com/restaurant/pantanos-kitchen-1308-broadway-hewlett/2809912,2809912,Wraps,Gittleson Wrap,$13.99,pantanos-kitchen-1308-broadway-hewlett
https://www.grubhub.com/restaurant/pantanos-kitchen-1308-broadway-hewlett/2809912,2809912,Hot Dogs,Hot Dog,$4.49,pantanos-kitchen-1308-broadway-hewlett
https://www.grubhub.com/restaurant/pantanos-kitchen-1308-broadway-hewlett/2809912,2809912,Hot Dogs,The BLT Dog,$7.95,pantanos-kitchen-1308-broadway-hewlett
https://www.grubhub.com/restaurant/pantanos-kitchen-1308-broadway-hewlett/2809912,2809912,Hot Dogs,The Coney Island Dog,$5.95,pantanos-kitchen-1308-broadway-hewlett
https://www.grubhub.com/restaurant/pantanos-kitchen-1308-broadway-hewlett/2809912,2809912,Hot Dogs,MAC DOG,$7.95,pantanos-kitchen-1308-broadway-hewlett
https://www.grubhub.com/restaurant/pantanos-kitchen-1308-broadway-hewlett/2809912,2809912,Pasta Specials,Penne alla Vodka,$19.95,pantanos-kitchen-1308-broadway-hewlett
https://www.grubhub.com/restaurant/pantanos-kitchen-1308-broadway-hewlett/2809912,2809912,Pasta Specials,Penne al Pesto,$16.95,pantanos-kitchen-1308-broadway-hewlett
https://www.grubhub.com/restaurant/pantanos-kitchen-1308-broadway-hewlett/2809912,2809912,Pasta Specials,Tortellini Alfredo,$19.95,pantanos-kitchen-1308-broadway-hewlett
https://www.grubhub.com/restaurant/pantanos-kitchen-1308-broadway-hewlett/2809912,2809912,Pasta Specials,Bow Tie Delite,$19.95,pantanos-kitchen-1308-broadway-hewlett
https://www.grubhub.com/restaurant/pantanos-kitchen-1308-broadway-hewlett/2809912,2809912,Pasta Specials,Penne with Grilled Chicken,$19.95,pantanos-kitchen-1308-broadway-hewlett
https://www.grubhub.com/restaurant/pantanos-kitchen-1308-broadway-hewlett/2809912,2809912,Pasta Specials,Louie's Favoirte,$15.95,pantanos-kitchen-1308-broadway-hewlett
https://www.grubhub.com/restaurant/pantanos-kitchen-1308-broadway-hewlett/2809912,2809912,Pasta Specials,Rigatoni Bolognese,$19.95,pantanos-kitchen-1308-broadway-hewlett
https://www.grubhub.com/restaurant/pantanos-kitchen-1308-broadway-hewlett/2809912,2809912,Baked Pasta,Baked Ziti,$18.95,pantanos-kitchen-1308-broadway-hewlett
https://www.grubhub.com/restaurant/pantanos-kitchen-1308-broadway-hewlett/2809912,2809912,Baked Pasta,Ravioli,$18.95,pantanos-kitchen-1308-broadway-hewlett
https://www.grubhub.com/restaurant/pantanos-kitchen-1308-broadway-hewlett/2809912,2809912,Dinner Specials,Steak Dinner Special,$22.95,pantanos-kitchen-1308-broadway-hewlett
https://www.grubhub.com/restaurant/pantanos-kitchen-1308-broadway-hewlett/2809912,2809912,Dinner Specials,Diner Special,$19.95,pantanos-kitchen-1308-broadway-hewlett
https://www.grubhub.com/restaurant/pantanos-kitchen-1308-broadway-hewlett/2809912,2809912,Dinner Specials,Chicken Parmigiana Dinner Special,$19.95+,pantanos-kitchen-1308-broadway-hewlett
https://www.grubhub.com/restaurant/pantanos-kitchen-1308-broadway-hewlett/2809912,2809912,Dinner Specials,My Mother-in-Law's Favorite Dinner Special,$21.95,pantanos-kitchen-1308-broadway-hewlett
https://www.grubhub.com/restaurant/pantanos-kitchen-1308-broadway-hewlett/2809912,2809912,Deli Favorites,The Harry Sandwich,$14.95+,pantanos-kitchen-1308-broadway-hewlett
https://www.grubhub.com/restaurant/pantanos-kitchen-1308-broadway-hewlett/2809912,2809912,Deli Favorites,Mike's Honey Turkey Sandwich- DELI FAVORITE!!,$14.95+,pantanos-kitchen-1308-broadway-hewlett
https://www.grubhub.com/restaurant/pantanos-kitchen-1308-broadway-hewlett/2809912,2809912,Deli Favorites,The Pantano Italian Special,$14.95+,pantanos-kitchen-1308-broadway-hewlett
https://www.grubhub.com/restaurant/pantanos-kitchen-1308-broadway-hewlett/2809912,2809912,Deli Favorites,The Jimmy Hoffa Sandwich American Combo,$14.95+,pantanos-kitchen-1308-broadway-hewlett
https://www.grubhub.com/restaurant/pantanos-kitchen-1308-broadway-hewlett/2809912,2809912,Deli Favorites,That's Amore Sandwich,$14.95+,pantanos-kitchen-1308-broadway-hewlett
https://www.grubhub.com/restaurant/pantanos-kitchen-1308-broadway-hewlett/2809912,2809912,Paninis,The Francisco Panini,$15.95,pantanos-kitchen-1308-broadway-hewlett
https://www.grubhub.com/restaurant/pantanos-kitchen-1308-broadway-hewlett/2809912,2809912,Paninis,Nonna Ursula Panini,$14.95,pantanos-kitchen-1308-broadway-hewlett
https://www.grubhub.com/restaurant/pantanos-kitchen-1308-broadway-hewlett/2809912,2809912,Paninis,The Carlo Panini,$14.95,pantanos-kitchen-1308-broadway-hewlett
https://www.grubhub.com/restaurant/pantanos-kitchen-1308-broadway-hewlett/2809912,2809912,Paninis,Nonna Rosa Panini,$14.95,pantanos-kitchen-1308-broadway-hewlett
https://www.grubhub.com/restaurant/pantanos-kitchen-1308-broadway-hewlett/2809912,2809912,Paninis,That's Italian Panini,$14.95,pantanos-kitchen-1308-broadway-hewlett
https://www.grubhub.com/restaurant/pantanos-kitchen-1308-broadway-hewlett/2809912,2809912,Paninis,The Milan Panini,$13.95,pantanos-kitchen-1308-broadway-hewlett
https://www.grubhub.com/restaurant/pantanos-kitchen-1308-broadway-hewlett/2809912,2809912,Paninis,The Cathy Panini,$14.95,pantanos-kitchen-1308-broadway-hewlett
https://www.grubhub.com/restaurant/pantanos-kitchen-1308-broadway-hewlett/2809912,2809912,Paninis,The Marco Panini,$13.95,pantanos-kitchen-1308-broadway-hewlett
https://www.grubhub.com/restaurant/pantanos-kitchen-1308-broadway-hewlett/2809912,2809912,Paninis,The Anderson Panini,$14.95,pantanos-kitchen-1308-broadway-hewlett
https://www.grubhub.com/restaurant/pantanos-kitchen-1308-broadway-hewlett/2809912,2809912,Paninis,The Turnpike Panini,$14.95,pantanos-kitchen-1308-broadway-hewlett
https://www.grubhub.com/restaurant/pantanos-kitchen-1308-broadway-hewlett/2809912,2809912,Paninis,The Calabrese Panini,$12.95,pantanos-kitchen-1308-broadway-hewlett
https://www.grubhub.com/restaurant/pantanos-kitchen-1308-broadway-hewlett/2809912,2809912,Paninis,The Vegas Panini,$11.95,pantanos-kitchen-1308-broadway-hewlett
https://www.grubhub.com/restaurant/pantanos-kitchen-1308-broadway-hewlett/2809912,2809912,Focaccia,The Felicia Focaccia,$14.95,pantanos-kitchen-1308-broadway-hewlett
https://www.grubhub.com/restaurant/pantanos-kitchen-1308-broadway-hewlett/2809912,2809912,Focaccia,Sicilian Focaccia,$14.95,pantanos-kitchen-1308-broadway-hewlett
https://www.grubhub.com/restaurant/pantanos-kitchen-1308-broadway-hewlett/2809912,2809912,Focaccia,The DeNiro Focaccia,$14.95,pantanos-kitchen-1308-broadway-hewlett
https://www.grubhub.com/restaurant/pantanos-kitchen-1308-broadway-hewlett/2809912,2809912,Focaccia,Bada Bing Focaccia,$14.95,pantanos-kitchen-1308-broadway-hewlett
https://www.grubhub.com/restaurant/pantanos-kitchen-1308-broadway-hewlett/2809912,2809912,Focaccia,Minute Man Focaccia,$14.95,pantanos-kitchen-1308-broadway-hewlett
https://www.grubhub.com/restaurant/pantanos-kitchen-1308-broadway-hewlett/2809912,2809912,Burgers,The Rachael Ray Burger- VEGAN,$16.95+,pantanos-kitchen-1308-broadway-hewlett
https://www.grubhub.com/restaurant/pantanos-kitchen-1308-broadway-hewlett/2809912,2809912,Burgers,The Big Al Burger- #1 selling burger,$13.95+,pantanos-kitchen-1308-broadway-hewlett
https://www.grubhub.com/restaurant/pantanos-kitchen-1308-broadway-hewlett/2809912,2809912,Burgers,The Fonzie Burger,$16.95+,pantanos-kitchen-1308-broadway-hewlett
https://www.grubhub.com/restaurant/pantanos-kitchen-1308-broadway-hewlett/2809912,2809912,Burgers,The Soprano Burger,$16.95+,pantanos-kitchen-1308-broadway-hewlett
https://www.grubhub.com/restaurant/pantanos-kitchen-1308-broadway-hewlett/2809912,2809912,Burgers,The Cajun Special Burger,$16.95+,pantanos-kitchen-1308-broadway-hewlett
https://www.grubhub.com/restaurant/pantanos-kitchen-1308-broadway-hewlett/2809912,2809912,Burgers,What-a-Burger,$16.95+,pantanos-kitchen-1308-broadway-hewlett
https://www.grubhub.com/restaurant/pantanos-kitchen-1308-broadway-hewlett/2809912,2809912,Burgers,Italian Burger- chicken burger,$16.95+,pantanos-kitchen-1308-broadway-hewlett
https://www.grubhub.com/restaurant/pantanos-kitchen-1308-broadway-hewlett/2809912,2809912,Burgers,7th Heaven Chicken Burger,$15.95+,pantanos-kitchen-1308-broadway-hewlett
https://www.grubhub.com/restaurant/pantanos-kitchen-1308-broadway-hewlett/2809912,2809912,Burgers,The Capone Turkey Burger,$16.95+,pantanos-kitchen-1308-broadway-hewlett
https://www.grubhub.com/restaurant/pantanos-kitchen-1308-broadway-hewlett/2809912,2809912,Build Your Own Burger,Build Your Own Burger,$8.99+,pantanos-kitchen-1308-broadway-hewlett
https://www.grubhub.com/restaurant/pantanos-kitchen-1308-broadway-hewlett/2809912,2809912,Hot Stuff,ROLANDO HERO- #1 Selling Hero!,$16.95,pantanos-kitchen-1308-broadway-hewlett
https://www.grubhub.com/restaurant/pantanos-kitchen-1308-broadway-hewlett/2809912,2809912,Hot Stuff,Quesadilla,$14.95+,pantanos-kitchen-1308-broadway-hewlett
https://www.grubhub.com/restaurant/pantanos-kitchen-1308-broadway-hewlett/2809912,2809912,Hot Stuff,Chicken Vodka Parm Hero,$15.95+,pantanos-kitchen-1308-broadway-hewlett
https://www.grubhub.com/restaurant/pantanos-kitchen-1308-broadway-hewlett/2809912,2809912,The Italian Corner,Chicken Cutlet Parmigiana Hero,$13.95,pantanos-kitchen-1308-broadway-hewlett
https://www.grubhub.com/restaurant/pantanos-kitchen-1308-broadway-hewlett/2809912,2809912,The Italian Corner,Chicken Vodka Parmigiana Hero,$15.95,pantanos-kitchen-1308-broadway-hewlett
https://www.grubhub.com/restaurant/pantanos-kitchen-1308-broadway-hewlett/2809912,2809912,The Italian Corner,Eggplant Parmigiana,$13.95,pantanos-kitchen-1308-broadway-hewlett
https://www.grubhub.com/restaurant/pantanos-kitchen-1308-broadway-hewlett/2809912,2809912,The Italian Corner,Meatball Parmigiana Hero,$13.95,pantanos-kitchen-1308-broadway-hewlett
https://www.grubhub.com/restaurant/pantanos-kitchen-1308-broadway-hewlett/2809912,2809912,The Italian Corner,Shrimp Parmigiana Hero,$15.95,pantanos-kitchen-1308-broadway-hewlett
https://www.grubhub.com/restaurant/pantanos-kitchen-1308-broadway-hewlett/2809912,2809912,Cheese Steaks,Philly Cheese Steak HERO,$14.95,pantanos-kitchen-1308-broadway-hewlett
https://www.grubhub.com/restaurant/pantanos-kitchen-1308-broadway-hewlett/2809912,2809912,Cheese Steaks,GrubFather HERO- BEST SELLER,$17.95,pantanos-kitchen-1308-broadway-hewlett
https://www.grubhub.com/restaurant/pantanos-kitchen-1308-broadway-hewlett/2809912,2809912,Cheese Steaks,New York Cheese Steak HERO,$14.95,pantanos-kitchen-1308-broadway-hewlett
https://www.grubhub.com/restaurant/pantanos-kitchen-1308-broadway-hewlett/2809912,2809912,Flat Breads,The Donna Flat Bread,$14.95+,pantanos-kitchen-1308-broadway-hewlett
https://www.grubhub.com/restaurant/pantanos-kitchen-1308-broadway-hewlett/2809912,2809912,Flat Breads,The Blazin' Bill Flat Bread,$14.95+,pantanos-kitchen-1308-broadway-hewlett
https://www.grubhub.com/restaurant/pantanos-kitchen-1308-broadway-hewlett/2809912,2809912,Pasta Lunch Special,Pasta Lunch Special,$13.95+,pantanos-kitchen-1308-broadway-hewlett
https://www.grubhub.com/restaurant/pantanos-kitchen-1308-broadway-hewlett/2809912,2809912,Acai Bowls,Acai Bowls,$8.99+,pantanos-kitchen-1308-broadway-hewlett
